customerID,gender,SeniorCitizen,Partner,Dependents,tenure,PhoneService,MultipleLines,InternetService,OnlineSecurity,OnlineBackup,DeviceProtection,TechSupport,StreamingTV,StreamingMovies,Contract,PaperlessBilling,PaymentMethod,MonthlyCharges,TotalCharges,Churn,Churn_Probability
9237-HQITU,Female,0,No,No,2,Yes,No,Fiber optic,No,No,No,No,No,No,Month-to-month,Yes,Electronic check,70.7,151.65,Yes,0.7372901710290055
9305-CDSKC,Female,0,No,No,8,Yes,Yes,Fiber optic,No,No,Yes,No,Yes,Yes,Month-to-month,Yes,Electronic check,99.65,820.5,Yes,0.8394934671942182
8779-QRDMV,Male,1,No,No,1,No,No phone service,DSL,No,No,Yes,No,No,Yes,Month-to-month,Yes,Electronic check,39.65,39.65,Yes,0.7465128320581841
4929-XIHVW,Male,1,Yes,No,2,Yes,No,Fiber optic,No,No,Yes,No,Yes,Yes,Month-to-month,Yes,Credit card (automatic),95.5,181.65,No,0.7208582800212395
8168-UQWWF,Female,0,No,No,11,Yes,Yes,Fiber optic,No,No,Yes,No,Yes,Yes,Month-to-month,Yes,Bank transfer (automatic),97.85,1105.4,Yes,0.7758106824441199
7760-OYPDY,Female,0,No,No,2,Yes,No,Fiber optic,No,No,No,No,Yes,No,Month-to-month,Yes,Electronic check,80.65,144.15,Yes,0.7803079978280263
1658-BYGOY,Male,1,No,No,18,Yes,Yes,Fiber optic,No,No,No,No,Yes,Yes,Month-to-month,Yes,Electronic check,95.45,1752.55,Yes,0.8204017302100215
5698-BQJOH,Female,0,No,No,9,Yes,Yes,Fiber optic,No,No,No,No,Yes,Yes,Month-to-month,No,Electronic check,94.4,857.25,Yes,0.7509950131965956
5919-TMRGD,Female,0,No,Yes,1,Yes,No,Fiber optic,No,No,No,No,Yes,No,Month-to-month,Yes,Electronic check,79.35,79.35,Yes,0.752220861295041
4445-ZJNMU,Male,0,No,No,9,Yes,Yes,Fiber optic,No,Yes,No,No,Yes,Yes,Month-to-month,Yes,Credit card (automatic),99.3,918.75,No,0.7203261958237905
4598-XLKNJ,Female,1,Yes,No,25,Yes,No,Fiber optic,No,Yes,Yes,No,Yes,Yes,Month-to-month,Yes,Electronic check,98.5,2514.5,Yes,0.71670443942536
5299-RULOA,Female,0,Yes,Yes,10,Yes,Yes,Fiber optic,Yes,No,No,No,Yes,Yes,Month-to-month,Yes,Electronic check,100.25,1064.65,Yes,0.7440989718813091
0404-SWRVG,Male,0,No,No,3,Yes,Yes,Fiber optic,No,No,No,No,No,No,Month-to-month,Yes,Electronic check,74.4,229.55,Yes,0.7910194764200547
3091-FYHKI,Male,0,No,No,1,No,No phone service,DSL,No,No,No,No,No,Yes,Month-to-month,Yes,Electronic check,35.45,35.45,Yes,0.722130329878005
3874-EQOEP,Male,0,No,No,7,Yes,Yes,Fiber optic,No,No,No,No,Yes,Yes,Month-to-month,No,Mailed check,95.0,655.5,Yes,0.7559621162746152
1875-QIVME,Female,0,Yes,No,2,Yes,Yes,Fiber optic,No,No,Yes,Yes,Yes,Yes,Month-to-month,Yes,Electronic check,104.4,242.8,Yes,0.8231797963369536
2656-FMOKZ,Female,1,No,No,15,Yes,Yes,Fiber optic,No,No,No,No,No,No,Month-to-month,Yes,Mailed check,74.45,1145.7,Yes,0.70000172539085
1024-GUALD,Female,0,Yes,No,1,No,No phone service,DSL,No,No,No,No,No,No,Month-to-month,Yes,Electronic check,24.8,24.8,Yes,0.7393366564883895
2472-OVKUP,Male,0,Yes,No,6,Yes,No,Fiber optic,No,Yes,Yes,No,No,Yes,Month-to-month,Yes,Electronic check,91.0,531,Yes,0.7477632609005845
1285-OKIPP,Male,0,No,No,1,Yes,No,Fiber optic,No,No,No,No,No,Yes,Month-to-month,No,Electronic check,79.9,79.9,Yes,0.7367908488104532
9408-SSNVZ,Female,0,No,No,4,Yes,No,Fiber optic,No,No,No,No,No,No,Month-to-month,Yes,Electronic check,70.15,268.35,Yes,0.7277676210855598
0094-OIFMO,Female,1,No,No,11,Yes,No,Fiber optic,No,Yes,No,No,Yes,Yes,Month-to-month,Yes,Electronic check,95.0,1120.3,Yes,0.7839704547303764
3606-TWKGI,Male,1,No,No,13,Yes,Yes,Fiber optic,No,Yes,Yes,No,Yes,Yes,Month-to-month,Yes,Electronic check,106.9,1364.3,Yes,0.8212896495286769
4385-GZQXV,Female,1,No,No,16,Yes,No,Fiber optic,No,No,No,Yes,Yes,Yes,Month-to-month,Yes,Electronic check,94.45,1511.2,Yes,0.7261912149057301
6432-TWQLB,Male,0,Yes,No,5,Yes,Yes,Fiber optic,No,Yes,No,Yes,No,No,Month-to-month,Yes,Electronic check,85.4,401.1,Yes,0.7061850189098821
3488-PGMQJ,Male,1,No,No,8,Yes,No,Fiber optic,No,Yes,No,No,No,No,Month-to-month,Yes,Electronic check,74.5,606.55,Yes,0.7146133321902141
8098-LLAZX,Female,1,No,No,4,Yes,Yes,Fiber optic,No,No,No,No,Yes,Yes,Month-to-month,Yes,Electronic check,95.45,396.1,Yes,0.8696372566045384
7563-BIUPC,Male,0,No,No,5,Yes,No,Fiber optic,No,No,No,No,Yes,No,Month-to-month,Yes,Electronic check,80.6,415.55,Yes,0.8030754244684569
2840-XANRC,Male,1,Yes,No,24,Yes,No,Fiber optic,No,No,Yes,No,Yes,Yes,Month-to-month,Yes,Electronic check,93.15,2231.05,Yes,0.7485889439838013
5804-LEPIM,Female,1,No,No,2,Yes,No,Fiber optic,No,No,No,No,No,No,Month-to-month,Yes,Electronic check,70.35,139.05,Yes,0.7611067154058951
0122-OAHPZ,Female,0,No,No,7,Yes,Yes,Fiber optic,No,No,No,No,No,No,Month-to-month,Yes,Electronic check,73.85,511.25,Yes,0.7464259456560771
2034-GDRCN,Female,0,No,No,2,Yes,No,Fiber optic,No,No,No,No,Yes,Yes,Month-to-month,Yes,Electronic check,90.4,168.2,Yes,0.7932507298653438
4115-NZRKS,Female,1,No,No,7,Yes,No,Fiber optic,No,No,No,No,Yes,Yes,Month-to-month,Yes,Electronic check,89.15,574.35,No,0.7931749105506657
0259-GBZSH,Male,0,No,No,2,Yes,Yes,Fiber optic,No,No,No,No,Yes,No,Month-to-month,Yes,Electronic check,85.65,181.5,Yes,0.8301746790524513
5167-ZFFMM,Male,0,No,No,1,Yes,Yes,Fiber optic,No,Yes,No,No,No,Yes,Month-to-month,Yes,Credit card (automatic),90.85,90.85,Yes,0.7524436517775941
0334-GDDSO,Male,1,No,No,3,Yes,Yes,Fiber optic,No,Yes,No,No,No,No,Month-to-month,Yes,Electronic check,81.35,233.7,Yes,0.7897937211111232
5564-NEMQO,Female,1,No,No,1,Yes,No,Fiber optic,No,No,Yes,No,No,No,Month-to-month,Yes,Bank transfer (automatic),75.3,75.3,Yes,0.7280553751872462
0880-TKATG,Male,0,Yes,Yes,4,Yes,Yes,Fiber optic,No,No,Yes,No,Yes,Yes,Month-to-month,No,Electronic check,101.15,385.9,Yes,0.7801992897964105
3811-VBYBZ,Male,0,No,No,7,Yes,Yes,Fiber optic,No,Yes,No,No,Yes,Yes,Month-to-month,Yes,Electronic check,99.8,673.25,Yes,0.8315829372953999
3583-EKAPL,Male,0,No,No,1,Yes,No,DSL,No,No,No,No,No,Yes,Month-to-month,Yes,Electronic check,55.0,55,Yes,0.7091482492721728
0306-JAELE,Male,0,No,No,5,Yes,No,Fiber optic,No,No,No,Yes,Yes,Yes,Month-to-month,Yes,Electronic check,96.1,453.4,Yes,0.7610782869641275
8372-JUXUI,Male,0,No,Yes,1,Yes,Yes,Fiber optic,No,No,No,No,No,No,Month-to-month,Yes,Electronic check,74.35,74.35,Yes,0.7250887417931718
5609-CEBID,Female,1,No,No,20,Yes,Yes,Fiber optic,No,Yes,Yes,No,No,Yes,Month-to-month,Yes,Electronic check,94.1,1782.4,Yes,0.7499750324086856
7218-HKQFK,Male,0,Yes,No,2,Yes,No,Fiber optic,No,No,No,Yes,Yes,Yes,Month-to-month,Yes,Electronic check,94.2,167.5,Yes,0.7420110214408787
5956-VKDTT,Female,1,Yes,No,5,Yes,Yes,Fiber optic,No,No,No,No,No,No,Month-to-month,Yes,Electronic check,74.35,334.8,Yes,0.8007490583304452
9282-IZGQK,Female,0,No,No,1,Yes,Yes,Fiber optic,No,No,No,No,No,Yes,Month-to-month,Yes,Electronic check,85.0,85,Yes,0.8337175459196697
1342-JPNKI,Male,0,No,No,10,Yes,Yes,Fiber optic,No,No,No,No,Yes,No,Month-to-month,Yes,Bank transfer (automatic),86.05,834.1,Yes,0.7342016278874054
0939-YAPAF,Female,0,No,No,35,Yes,Yes,Fiber optic,No,No,Yes,No,Yes,Yes,Month-to-month,Yes,Electronic check,100.25,3527.6,Yes,0.7105556410859473
2865-TCHJW,Female,1,No,No,4,Yes,Yes,Fiber optic,No,No,Yes,No,Yes,No,Month-to-month,Yes,Electronic check,89.2,346.2,Yes,0.8149286170909379
5192-EBGOV,Female,1,No,No,1,Yes,Yes,Fiber optic,No,No,No,No,Yes,No,Month-to-month,Yes,Electronic check,85.7,85.7,Yes,0.8480943660601271
0195-IESCP,Male,0,Yes,No,10,Yes,Yes,Fiber optic,No,No,No,No,No,Yes,Month-to-month,Yes,Electronic check,85.25,855.3,Yes,0.8009014894830788
0970-ETWGE,Male,0,No,No,1,Yes,No,Fiber optic,No,No,No,No,Yes,Yes,Month-to-month,Yes,Electronic check,89.55,89.55,Yes,0.8046480685613432
1626-ERCMM,Male,1,Yes,No,20,Yes,Yes,Fiber optic,No,No,No,No,Yes,Yes,Month-to-month,Yes,Electronic check,94.55,1899.65,Yes,0.815408708191218
5644-PDMZC,Female,1,No,No,2,Yes,Yes,Fiber optic,No,Yes,No,No,No,Yes,Month-to-month,No,Electronic check,89.5,161.5,Yes,0.7833512767753509
3276-HDUEG,Female,0,No,No,1,Yes,Yes,Fiber optic,No,No,No,No,No,No,Month-to-month,Yes,Mailed check,75.05,75.05,Yes,0.749999683455622
0822-GAVAP,Female,0,No,No,2,No,No phone service,DSL,No,No,No,No,No,Yes,Month-to-month,Yes,Electronic check,34.7,62.25,Yes,0.7136057323797943
2276-YDAVZ,Female,0,No,No,3,Yes,Yes,Fiber optic,No,No,No,No,No,No,Month-to-month,Yes,Credit card (automatic),75.1,270.7,Yes,0.7197324896673281
4952-YSOGZ,Female,0,Yes,Yes,4,Yes,Yes,Fiber optic,No,No,No,No,No,Yes,Month-to-month,Yes,Electronic check,85.95,381.3,Yes,0.7903898824480226
5244-IRFIH,Male,1,Yes,No,33,Yes,Yes,Fiber optic,No,No,No,No,Yes,Yes,Month-to-month,Yes,Electronic check,94.5,3105.55,Yes,0.7547404849121666
5138-WVKYJ,Male,0,No,No,10,Yes,Yes,Fiber optic,Yes,No,No,No,Yes,Yes,Month-to-month,No,Electronic check,98.55,1008.55,Yes,0.7279442149592479
6683-VLCTZ,Male,1,No,No,20,Yes,Yes,Fiber optic,No,No,Yes,No,Yes,Yes,Month-to-month,Yes,Electronic check,98.55,1842.8,Yes,0.8141612277762491
7379-POKDZ,Male,0,Yes,No,3,Yes,No,Fiber optic,No,No,No,No,No,No,Month-to-month,Yes,Electronic check,70.3,208.85,Yes,0.7397311324131106
0236-HFWSV,Male,0,No,No,15,Yes,Yes,Fiber optic,No,No,No,No,Yes,Yes,Month-to-month,Yes,Electronic check,93.35,1444.65,Yes,0.8175116754763195
7314-OXENN,Male,0,No,No,2,Yes,Yes,Fiber optic,No,Yes,No,No,No,No,Month-to-month,Yes,Electronic check,82.0,184.65,Yes,0.7719879391507993
1450-GALXR,Female,0,No,No,10,Yes,Yes,Fiber optic,No,No,No,Yes,Yes,Yes,Month-to-month,Yes,Electronic check,98.5,1058.25,Yes,0.7884363149378352
3138-BKYAV,Male,0,No,No,6,Yes,No,Fiber optic,No,Yes,No,No,Yes,No,Month-to-month,Yes,Electronic check,85.35,489.45,Yes,0.7452288018478895
1820-TQVEV,Male,0,No,No,1,Yes,No,Fiber optic,No,No,No,No,No,No,Month-to-month,Yes,Electronic check,69.55,69.55,Yes,0.7969332115424298
6275-YDUVO,Female,0,No,No,2,Yes,No,Fiber optic,No,No,Yes,No,No,Yes,Month-to-month,Yes,Mailed check,86.2,178.7,Yes,0.7144207930156563
0115-TFERT,Male,0,Yes,No,21,Yes,Yes,Fiber optic,No,Yes,Yes,Yes,Yes,Yes,Month-to-month,Yes,Electronic check,111.2,2317.1,Yes,0.7326661567249632
3643-AHCFP,Male,1,Yes,No,7,Yes,Yes,Fiber optic,No,No,No,No,Yes,Yes,Month-to-month,Yes,Bank transfer (automatic),95.6,644.35,Yes,0.8164334500375503
9231-ZJYAM,Female,1,No,No,4,Yes,No,Fiber optic,No,No,No,No,Yes,No,Month-to-month,Yes,Electronic check,78.85,292.8,Yes,0.7951881840837446
3027-ZTDHO,Male,0,No,No,1,Yes,No,Fiber optic,No,No,No,No,Yes,Yes,Month-to-month,Yes,Electronic check,89.9,89.9,Yes,0.8294299667283999
9944-HKVVB,Female,0,No,No,3,Yes,No,Fiber optic,No,Yes,No,No,Yes,Yes,Month-to-month,Yes,Electronic check,95.1,307.4,Yes,0.7998777022321379
9734-YWGEX,Female,0,No,No,9,Yes,Yes,Fiber optic,No,No,Yes,No,Yes,Yes,Month-to-month,No,Credit card (automatic),98.3,923.5,Yes,0.7239998579984535
0781-LKXBR,Male,1,No,No,9,Yes,Yes,Fiber optic,No,No,Yes,No,Yes,Yes,Month-to-month,Yes,Electronic check,100.5,918.6,Yes,0.854484648735193
1907-UBQFC,Male,1,No,No,10,Yes,No,Fiber optic,No,Yes,No,No,No,No,Month-to-month,Yes,Electronic check,72.85,688.65,Yes,0.7070350318233607
6513-EECDB,Male,1,Yes,No,1,Yes,Yes,Fiber optic,No,No,No,No,No,No,Month-to-month,Yes,Electronic check,73.55,73.55,Yes,0.822954102568141
7074-IEVOJ,Female,1,No,No,3,Yes,Yes,Fiber optic,No,Yes,No,No,No,No,Month-to-month,Yes,Electronic check,79.4,205.05,Yes,0.7893618813349386
4750-ZRXIU,Female,1,No,No,4,Yes,Yes,Fiber optic,No,No,No,No,No,Yes,Month-to-month,Yes,Electronic check,84.6,360.1,Yes,0.8175352030836213
6630-UJZMY,Female,1,Yes,No,4,Yes,Yes,Fiber optic,No,No,No,No,Yes,No,Month-to-month,Yes,Electronic check,83.25,308.05,No,0.820068200134208
6400-BWQKW,Female,0,No,No,6,Yes,Yes,Fiber optic,Yes,No,No,No,No,No,Month-to-month,Yes,Electronic check,79.05,434.5,Yes,0.7096759667891299
7028-DVOIQ,Male,1,No,No,35,Yes,Yes,Fiber optic,No,No,Yes,No,Yes,Yes,Month-to-month,Yes,Electronic check,99.05,3395.8,Yes,0.7418387139135618
5382-SOYZL,Male,0,No,No,22,Yes,Yes,Fiber optic,No,No,No,No,Yes,Yes,Month-to-month,Yes,Electronic check,95.1,2162.6,No,0.7440241005561512
3158-MOERK,Female,0,No,No,2,Yes,Yes,Fiber optic,No,No,No,No,Yes,Yes,Month-to-month,Yes,Electronic check,96.0,174.8,Yes,0.8604026595520317
7294-TMAOP,Female,0,No,No,1,Yes,No,Fiber optic,No,No,No,No,Yes,Yes,Month-to-month,No,Electronic check,90.55,90.55,Yes,0.7961118199316528
5875-YPQFJ,Male,0,No,No,1,Yes,No,Fiber optic,No,No,No,No,No,No,Month-to-month,Yes,Electronic check,69.9,69.9,Yes,0.7943104547021291
8603-IJWDN,Male,0,No,No,1,Yes,Yes,Fiber optic,No,No,No,No,No,Yes,Month-to-month,Yes,Electronic check,86.6,86.6,Yes,0.8712222237000585
1374-DMZUI,Female,1,No,No,4,Yes,Yes,Fiber optic,No,No,No,No,Yes,Yes,Month-to-month,Yes,Electronic check,94.3,424.45,Yes,0.8711109875598243
8357-EQXFO,Female,0,No,No,7,Yes,No,Fiber optic,No,No,Yes,No,Yes,Yes,Month-to-month,Yes,Electronic check,95.35,660.9,Yes,0.7985521956997009
4822-RVYBB,Male,1,No,No,8,Yes,Yes,Fiber optic,No,No,Yes,No,Yes,Yes,Month-to-month,Yes,Electronic check,100.6,819.4,Yes,0.8579131650533448
4145-UQXUQ,Female,1,No,No,8,Yes,No,Fiber optic,No,No,Yes,No,Yes,Yes,Month-to-month,Yes,Electronic check,92.1,729.95,Yes,0.7831638194117365
6941-PMGEP,Female,0,No,No,5,Yes,No,Fiber optic,No,No,No,No,No,Yes,Month-to-month,Yes,Electronic check,80.0,412.5,Yes,0.7693698891327275
2074-GKOWZ,Male,0,Yes,Yes,2,Yes,No,Fiber optic,No,No,No,No,Yes,Yes,Month-to-month,Yes,Bank transfer (automatic),89.55,185.55,Yes,0.7361709982981345
0655-RBDUG,Male,0,No,No,7,Yes,Yes,Fiber optic,No,No,Yes,No,Yes,Yes,Month-to-month,Yes,Bank transfer (automatic),98.05,713,Yes,0.7636045084397259
9878-TNQGW,Male,0,No,No,2,Yes,No,Fiber optic,No,No,No,No,No,Yes,Month-to-month,Yes,Electronic check,80.95,171.15,Yes,0.7477366263264887
4441-NIHPT,Female,1,No,No,13,Yes,No,Fiber optic,No,No,Yes,No,No,No,Month-to-month,Yes,Electronic check,74.3,940.35,Yes,0.703683467911022
7029-RPUAV,Male,1,Yes,No,17,Yes,Yes,Fiber optic,No,No,Yes,No,Yes,Yes,Month-to-month,Yes,Credit card (automatic),100.45,1622.45,Yes,0.7225191920845316
7439-DKZTW,Male,0,No,No,1,Yes,No,Fiber optic,No,No,No,No,Yes,No,Month-to-month,Yes,Electronic check,80.55,80.55,No,0.7667345907954869
7363-QTBIW,Female,0,Yes,No,9,Yes,No,Fiber optic,No,No,No,No,No,Yes,Month-to-month,Yes,Electronic check,79.75,769.1,No,0.7029923002034123
5293-WXJAK,Female,1,Yes,No,11,Yes,Yes,Fiber optic,No,No,Yes,Yes,Yes,Yes,Month-to-month,Yes,Bank transfer (automatic),104.05,1133.65,Yes,0.7450518306288998
7851-WZEKY,Female,0,No,No,2,Yes,Yes,Fiber optic,No,No,No,No,Yes,Yes,Month-to-month,Yes,Electronic check,95.15,196.9,Yes,0.8304762330132617
4086-YQSNZ,Female,1,Yes,No,3,Yes,No,Fiber optic,No,No,No,No,Yes,No,Month-to-month,Yes,Electronic check,80.4,224.05,Yes,0.7991138708510026
3992-YWPKO,Female,0,No,No,6,Yes,Yes,Fiber optic,No,Yes,Yes,Yes,Yes,Yes,Month-to-month,Yes,Credit card (automatic),109.9,669.45,Yes,0.7064601565582307
0125-LZQXK,Male,0,No,No,15,Yes,No,Fiber optic,No,No,Yes,Yes,Yes,Yes,Month-to-month,Yes,Electronic check,101.35,1553.95,Yes,0.7064549873844302
1579-KLYDT,Male,0,No,No,7,Yes,Yes,Fiber optic,No,No,Yes,No,Yes,No,Month-to-month,Yes,Electronic check,90.45,593.45,Yes,0.8086677565408501
6358-LYNGM,Male,0,No,No,1,Yes,Yes,Fiber optic,No,No,No,No,No,No,Month-to-month,Yes,Electronic check,74.9,74.9,Yes,0.8776620282275386
5494-HECPR,Female,0,No,No,1,Yes,No,Fiber optic,No,No,No,No,Yes,No,Month-to-month,Yes,Electronic check,80.25,80.25,Yes,0.7857564161802185
9897-KXHCM,Female,0,Yes,Yes,3,Yes,No,Fiber optic,No,No,No,No,No,Yes,Month-to-month,Yes,Electronic check,80.3,250.05,Yes,0.7449233671434361
1618-CFHME,Female,0,No,No,2,Yes,Yes,Fiber optic,No,No,No,No,No,No,Month-to-month,Yes,Electronic check,75.9,143.35,Yes,0.7890534792545596
5835-BEQEU,Male,0,No,No,3,Yes,Yes,Fiber optic,No,No,No,No,No,No,Month-to-month,Yes,Electronic check,76.95,228.4,Yes,0.7864495895824704
5565-FILXA,Female,1,No,No,16,Yes,Yes,Fiber optic,No,No,No,No,Yes,Yes,Month-to-month,Yes,Electronic check,96.15,1529.2,Yes,0.8240620231687661
6507-ZJSUR,Male,1,Yes,No,23,Yes,No,Fiber optic,No,No,No,No,Yes,Yes,Month-to-month,Yes,Electronic check,90.45,2117.25,No,0.7005070873061904
2026-TGDHM,Female,0,No,No,7,Yes,No,Fiber optic,No,No,No,No,No,Yes,Month-to-month,Yes,Electronic check,79.3,523.15,Yes,0.7608023563235089
9134-CEQMF,Male,1,Yes,No,7,Yes,No,Fiber optic,No,No,No,No,Yes,Yes,Month-to-month,Yes,Electronic check,89.5,676.7,Yes,0.8258711750858998
8519-IMDHU,Male,1,Yes,No,15,Yes,Yes,Fiber optic,No,No,No,No,No,Yes,Month-to-month,Yes,Bank transfer (automatic),85.6,1345.55,Yes,0.7375023298115359
3372-KWFBM,Male,1,No,No,16,Yes,Yes,Fiber optic,No,No,No,No,Yes,No,Month-to-month,Yes,Electronic check,86.6,1281,Yes,0.7873300707429985
7831-QGOXH,Female,0,No,No,18,Yes,Yes,Fiber optic,No,No,No,No,Yes,No,Month-to-month,Yes,Electronic check,85.2,1553.9,Yes,0.7541434742483158
6393-WRYZE,Female,0,Yes,No,34,Yes,Yes,Fiber optic,No,No,No,No,Yes,Yes,Month-to-month,Yes,Electronic check,97.65,3207.55,Yes,0.7147337740634014
7206-GZCDC,Female,1,No,No,1,Yes,No,Fiber optic,No,No,No,No,No,No,Month-to-month,Yes,Electronic check,69.25,69.25,Yes,0.7494829324085526
1768-ZAIFU,Female,1,No,No,1,No,No phone service,DSL,No,No,No,No,No,No,Month-to-month,Yes,Electronic check,25.2,25.2,Yes,0.7248468011143289
1184-PJVDB,Male,0,Yes,No,10,Yes,No,Fiber optic,No,No,No,No,Yes,No,Month-to-month,Yes,Electronic check,79.95,857.2,Yes,0.748497766395018
9415-DPEWS,Female,0,No,No,18,Yes,Yes,Fiber optic,No,No,No,Yes,Yes,No,Month-to-month,Yes,Electronic check,88.35,1639.3,Yes,0.7007894649438485
7943-RQCHR,Female,0,No,No,9,Yes,Yes,Fiber optic,No,No,No,No,Yes,Yes,Month-to-month,Yes,Electronic check,94.75,889.9,Yes,0.8362790524228171
3793-MMFUH,Female,1,No,No,13,Yes,Yes,Fiber optic,No,No,No,No,Yes,Yes,Month-to-month,Yes,Electronic check,95.05,1290,Yes,0.8377831188071834
3249-ZPQRG,Male,0,No,No,4,Yes,Yes,Fiber optic,No,Yes,No,No,No,No,Month-to-month,No,Electronic check,78.45,330.05,Yes,0.7098016703479436
2568-BRGYX,Male,0,No,No,4,Yes,No,Fiber optic,No,No,No,No,No,No,Month-to-month,Yes,Electronic check,70.2,237.95,Yes,0.7321854456753649
7249-WBIYX,Male,0,Yes,No,10,Yes,Yes,Fiber optic,No,No,No,No,Yes,No,Month-to-month,Yes,Electronic check,85.6,813.85,Yes,0.7636396920164279
6567-HOOPW,Female,1,No,No,1,Yes,No,Fiber optic,No,No,No,No,Yes,No,Month-to-month,Yes,Electronic check,79.2,79.2,Yes,0.807968384445683
5419-CONWX,Female,1,No,No,4,Yes,No,Fiber optic,No,Yes,Yes,No,Yes,Yes,Month-to-month,Yes,Credit card (automatic),99.8,442.85,Yes,0.7052127320213849
6960-HVYXR,Female,0,No,No,1,Yes,Yes,Fiber optic,No,No,No,No,No,No,Month-to-month,No,Electronic check,76.0,76,Yes,0.7378795098147823
7024-OHCCK,Female,1,No,No,2,Yes,Yes,Fiber optic,No,No,No,No,Yes,Yes,Month-to-month,Yes,Electronic check,93.85,170.85,Yes,0.8781058919036743
5357-TZHPP,Male,1,No,No,9,Yes,Yes,Fiber optic,No,No,No,No,No,Yes,Month-to-month,Yes,Credit card (automatic),84.4,732.5,Yes,0.7198294437720026
0680-DFNNY,Male,0,Yes,No,15,Yes,Yes,Fiber optic,No,No,Yes,No,Yes,Yes,Month-to-month,Yes,Electronic check,101.1,1504.05,Yes,0.8140802144292625
1571-SAVHK,Male,0,No,No,12,Yes,Yes,Fiber optic,No,No,No,Yes,Yes,Yes,Month-to-month,Yes,Mailed check,99.95,1132.75,Yes,0.733392551947922
9546-CQJSU,Female,0,No,No,2,Yes,Yes,Fiber optic,No,No,Yes,No,Yes,No,Month-to-month,Yes,Electronic check,91.4,193.6,Yes,0.8788800963768413
3473-XIIIT,Female,0,Yes,No,16,Yes,Yes,Fiber optic,No,Yes,No,No,Yes,Yes,Month-to-month,Yes,Electronic check,100.0,1534.75,Yes,0.7908625962609073
2952-QAYZF,Male,0,No,No,5,Yes,Yes,Fiber optic,No,Yes,Yes,No,No,No,Month-to-month,Yes,Electronic check,85.3,424.15,Yes,0.7593511356563514
7079-QRCBC,Female,0,No,No,24,Yes,Yes,Fiber optic,No,No,Yes,No,Yes,Yes,Month-to-month,Yes,Electronic check,98.75,2407.3,Yes,0.7709990982367997
9809-IMGCQ,Male,1,No,No,22,Yes,Yes,Fiber optic,No,No,No,No,Yes,Yes,Month-to-month,Yes,Electronic check,96.7,2082.95,Yes,0.801018017691659
3254-YRILK,Male,1,No,No,19,Yes,Yes,Fiber optic,No,Yes,No,No,Yes,No,Month-to-month,Yes,Electronic check,88.2,1775.8,Yes,0.7597172556503262
5240-IJOQT,Male,1,No,No,1,Yes,Yes,Fiber optic,No,No,No,No,No,No,Month-to-month,Yes,Electronic check,74.7,74.7,Yes,0.8206263092382398
6326-MTTXK,Male,0,No,No,8,Yes,Yes,Fiber optic,No,Yes,No,No,Yes,Yes,Month-to-month,No,Electronic check,100.85,819.55,Yes,0.7756113410871461
3186-BAXNB,Female,0,No,No,1,Yes,No,Fiber optic,No,Yes,No,Yes,Yes,No,Month-to-month,No,Electronic check,91.7,91.7,Yes,0.7411227845545723
1157-BQCUW,Male,0,No,No,1,Yes,Yes,Fiber optic,No,No,No,No,No,No,Month-to-month,Yes,Electronic check,74.95,74.95,Yes,0.7991612605514355
2660-EMUBI,Male,1,No,No,10,Yes,Yes,Fiber optic,No,No,No,No,Yes,Yes,Month-to-month,Yes,Electronic check,95.35,898.35,Yes,0.8518433857268708
3292-PBZEJ,Male,1,No,No,11,Yes,Yes,Fiber optic,No,Yes,Yes,Yes,Yes,Yes,Month-to-month,Yes,Electronic check,111.4,1183.05,No,0.7424424911237377
9391-EOYLI,Male,1,Yes,No,12,Yes,No,Fiber optic,No,No,No,No,No,Yes,Month-to-month,Yes,Electronic check,80.45,950.2,Yes,0.7626443005088809
3068-OMWZA,Male,1,No,No,1,Yes,Yes,Fiber optic,No,No,Yes,No,Yes,No,Month-to-month,Yes,Electronic check,88.8,88.8,Yes,0.8531244076528043
8017-LXHFA,Female,1,No,No,23,Yes,No,Fiber optic,No,Yes,No,No,Yes,Yes,Month-to-month,Yes,Electronic check,94.75,2293.6,Yes,0.7236066937622618
3049-NDXFL,Female,0,No,No,1,Yes,Yes,Fiber optic,No,No,No,No,No,Yes,Month-to-month,No,Mailed check,85.8,85.8,Yes,0.7368021656540218
8580-AECUZ,Male,1,No,No,1,Yes,No,Fiber optic,No,No,No,No,Yes,No,Month-to-month,Yes,Electronic check,79.1,79.1,Yes,0.8118077160735478
2058-DCJBE,Male,0,No,No,5,Yes,No,Fiber optic,No,No,No,No,No,No,Month-to-month,Yes,Electronic check,69.75,324.6,Yes,0.7277587228500128
0375-HVGXO,Female,0,No,No,1,No,No phone service,DSL,No,No,No,No,Yes,No,Month-to-month,Yes,Electronic check,34.7,34.7,Yes,0.716443298525985
8593-WHYHV,Male,0,No,No,3,Yes,Yes,Fiber optic,No,No,No,No,No,Yes,Month-to-month,Yes,Electronic check,85.3,264.8,Yes,0.7779470940132365
0107-YHINA,Male,0,No,Yes,1,Yes,Yes,Fiber optic,No,No,Yes,No,Yes,Yes,Month-to-month,Yes,Electronic check,99.75,99.75,Yes,0.8710236939343753
8375-DKEBR,Female,1,No,No,1,Yes,No,Fiber optic,No,No,No,No,No,No,Month-to-month,Yes,Electronic check,69.6,69.6,Yes,0.8225831118307257
7511-YMXVQ,Male,0,No,No,9,No,No phone service,DSL,No,No,No,No,Yes,Yes,Month-to-month,Yes,Electronic check,45.4,418.8,Yes,0.7252219998521633
9804-ICWBG,Male,0,No,No,1,Yes,No,Fiber optic,No,No,No,No,No,No,Month-to-month,Yes,Electronic check,69.9,69.9,Yes,0.7943104547021291
3198-VELRD,Female,0,Yes,Yes,3,Yes,Yes,Fiber optic,No,No,No,No,No,Yes,Month-to-month,Yes,Bank transfer (automatic),84.75,264.85,Yes,0.7363675034266169
9436-ZBZCT,Male,0,No,No,14,Yes,Yes,Fiber optic,No,No,No,Yes,Yes,No,Month-to-month,Yes,Electronic check,89.95,1178.4,Yes,0.7241698416771655
7156-MHUGY,Male,1,No,No,13,Yes,No,Fiber optic,No,No,No,No,Yes,Yes,Month-to-month,Yes,Electronic check,90.5,1201.15,Yes,0.7963006768737109
9172-ANCRX,Female,0,No,No,10,Yes,Yes,Fiber optic,Yes,No,No,No,Yes,Yes,Month-to-month,Yes,Electronic check,98.7,973.25,Yes,0.7805980358465078
6910-HADCM,Female,0,No,No,1,Yes,No,Fiber optic,No,No,Yes,No,No,No,Month-to-month,No,Electronic check,76.35,76.35,Yes,0.7686159422017085
9606-PBKBQ,Male,1,Yes,No,32,Yes,Yes,Fiber optic,No,No,No,No,No,Yes,Month-to-month,Yes,Electronic check,85.0,2642.05,Yes,0.7136832294193998
3030-YDNRM,Male,0,No,No,8,Yes,Yes,Fiber optic,No,No,No,No,No,No,Month-to-month,Yes,Electronic check,74.85,572.45,No,0.7217533739739286
6702-OHFWR,Male,1,No,No,1,No,No phone service,DSL,No,Yes,Yes,No,No,Yes,Month-to-month,Yes,Electronic check,43.3,43.3,Yes,0.7280933282851463
6474-FVJLC,Male,0,No,No,2,Yes,Yes,Fiber optic,No,No,No,No,No,Yes,Month-to-month,Yes,Electronic check,86.0,165.45,Yes,0.831566700591047
6689-TCZHQ,Female,1,No,No,5,Yes,No,Fiber optic,No,No,No,No,No,Yes,Month-to-month,No,Electronic check,78.95,378.4,Yes,0.7369022535535458
8183-ONMXC,Female,0,No,No,2,Yes,No,Fiber optic,No,No,No,No,No,Yes,Month-to-month,No,Electronic check,80.75,159.45,Yes,0.7251972167726268
5834-ASPWA,Male,0,No,No,1,Yes,Yes,Fiber optic,No,No,No,No,No,No,Month-to-month,Yes,Electronic check,75.45,75.45,Yes,0.7742768341180447
5445-UTODQ,Female,0,Yes,No,7,Yes,No,Fiber optic,No,No,No,No,Yes,No,Month-to-month,Yes,Electronic check,81.1,576.65,Yes,0.7514985887064841
1024-VRZHF,Male,0,Yes,No,11,Yes,Yes,Fiber optic,No,No,No,No,No,No,Month-to-month,Yes,Electronic check,74.95,825.7,Yes,0.753409451119185
9497-QCMMS,Male,1,No,No,1,Yes,Yes,Fiber optic,No,No,No,No,Yes,Yes,Month-to-month,Yes,Electronic check,93.55,93.55,Yes,0.8841670167108164
4514-GFCFI,Female,1,No,No,16,Yes,Yes,Fiber optic,No,No,No,No,Yes,No,Month-to-month,Yes,Electronic check,84.75,1350.15,Yes,0.7867147610128485
8000-REIQB,Female,1,No,No,1,Yes,No,Fiber optic,No,No,No,No,No,No,Month-to-month,Yes,Electronic check,69.95,69.95,Yes,0.7698136621489794
7615-ESMYF,Female,0,Yes,No,2,No,No phone service,DSL,No,No,No,No,Yes,Yes,Month-to-month,No,Electronic check,44.6,97.1,Yes,0.7011976844330704
8086-OVPWV,Male,0,No,No,2,Yes,No,Fiber optic,No,No,No,No,No,Yes,Month-to-month,Yes,Electronic check,80.2,181.1,Yes,0.787385283453451
3074-GQWYX,Male,0,No,No,5,Yes,Yes,Fiber optic,No,No,No,No,No,No,Month-to-month,Yes,Bank transfer (automatic),75.9,357.75,Yes,0.715320415289792
8861-HGGKB,Female,0,No,No,10,Yes,Yes,Fiber optic,No,No,No,No,No,Yes,Month-to-month,No,Electronic check,86.45,830.85,Yes,0.7371573883905091
4795-KTRTH,Female,1,Yes,No,5,Yes,Yes,Fiber optic,No,Yes,No,No,No,No,Month-to-month,Yes,Electronic check,81.0,371.65,Yes,0.779251985561491
3753-TSEMP,Female,0,Yes,No,15,Yes,No,Fiber optic,No,No,No,No,Yes,Yes,Month-to-month,No,Electronic check,88.15,1390.6,Yes,0.7088290065502543
8775-ERLNB,Male,1,Yes,No,1,Yes,Yes,Fiber optic,No,No,No,No,No,No,Month-to-month,No,Electronic check,74.3,74.3,No,0.7121339933140418
6356-ELRKD,Female,0,No,No,1,Yes,No,Fiber optic,Yes,No,No,No,Yes,Yes,Month-to-month,Yes,Electronic check,95.6,95.6,Yes,0.769770796609694
3177-LASXD,Female,0,No,No,1,Yes,No,Fiber optic,No,No,No,No,No,No,Month-to-month,No,Electronic check,71.35,71.35,Yes,0.7238566500664396
8290-YWKHZ,Female,1,Yes,No,32,Yes,Yes,Fiber optic,No,No,No,No,Yes,Yes,Month-to-month,Yes,Electronic check,93.2,2931,Yes,0.7580562977213693
9300-RENDD,Male,0,No,No,1,Yes,No,Fiber optic,No,No,No,No,Yes,No,Month-to-month,Yes,Electronic check,79.95,79.95,Yes,0.7902308590489099
3106-ULWFW,Female,0,Yes,No,8,Yes,Yes,Fiber optic,No,No,No,No,No,Yes,Month-to-month,Yes,Credit card (automatic),85.2,627.4,Yes,0.7435379048560495
0925-VYDLG,Female,0,No,No,3,Yes,Yes,Fiber optic,No,No,No,No,No,No,Month-to-month,No,Electronic check,75.25,242,Yes,0.7287807560325007
9787-XVQIU,Male,0,No,No,1,Yes,Yes,Fiber optic,No,No,No,No,No,No,Month-to-month,Yes,Electronic check,75.3,75.3,Yes,0.834391307690632
8051-HJRLT,Female,1,No,No,1,Yes,No,Fiber optic,No,No,No,No,No,No,Month-to-month,Yes,Electronic check,70.55,70.55,Yes,0.7656957657195486
4021-RQSNY,Male,1,Yes,No,29,Yes,Yes,Fiber optic,No,No,Yes,No,Yes,Yes,Month-to-month,Yes,Electronic check,98.5,3004.15,Yes,0.7754132756865897
9061-TIHDA,Male,1,Yes,No,13,Yes,Yes,Fiber optic,No,No,No,No,Yes,Yes,Month-to-month,Yes,Electronic check,95.25,1233.65,Yes,0.8425492943639082
8699-ASUFO,Male,1,Yes,No,7,Yes,Yes,Fiber optic,No,No,No,No,No,No,Month-to-month,Yes,Mailed check,74.4,527.9,Yes,0.7006783250239026
4695-WJZUE,Female,1,No,No,2,Yes,Yes,Fiber optic,No,No,Yes,No,No,Yes,Month-to-month,Yes,Electronic check,88.55,179.25,Yes,0.8484794295070723
3988-RQIXO,Female,1,No,No,1,Yes,No,Fiber optic,No,No,No,No,Yes,Yes,Month-to-month,Yes,Electronic check,91.3,91.3,Yes,0.8416576811208835
2514-GINMM,Male,0,No,No,1,Yes,No,Fiber optic,No,No,No,No,Yes,No,Month-to-month,Yes,Electronic check,79.5,79.5,Yes,0.7543655333990308
4285-GYRQC,Female,0,Yes,No,7,Yes,No,Fiber optic,No,No,Yes,No,Yes,No,Month-to-month,Yes,Electronic check,86.25,587.1,Yes,0.7501828257271365
7216-EWTRS,Female,1,Yes,No,1,Yes,Yes,Fiber optic,No,No,Yes,No,Yes,Yes,Month-to-month,Yes,Electronic check,100.8,100.8,Yes,0.8796724889292877
7181-BQYBV,Female,0,Yes,Yes,1,Yes,Yes,Fiber optic,Yes,No,Yes,No,Yes,Yes,Month-to-month,Yes,Electronic check,102.45,102.45,Yes,0.7563697803889452
4529-CKBCL,Female,0,No,No,2,Yes,No,Fiber optic,No,No,No,No,Yes,No,Month-to-month,Yes,Electronic check,80.2,146.05,Yes,0.7811324381269238
1583-IHQZE,Male,0,No,No,12,Yes,Yes,Fiber optic,No,Yes,Yes,Yes,Yes,Yes,Month-to-month,Yes,Mailed check,112.95,1384.75,Yes,0.7040427883421561
4140-MUHUG,Female,1,No,No,3,Yes,No,Fiber optic,No,No,Yes,No,Yes,No,Month-to-month,Yes,Electronic check,86.85,220.95,Yes,0.7934951255866075
7180-PISOG,Male,0,Yes,Yes,1,Yes,Yes,Fiber optic,No,No,No,No,No,No,Month-to-month,Yes,Electronic check,74.5,74.5,Yes,0.7244326580877418
2754-SDJRD,Female,1,No,No,8,Yes,Yes,Fiber optic,No,No,No,Yes,Yes,Yes,Month-to-month,Yes,Credit card (automatic),100.15,908.55,No,0.7050206939353915
7488-MXJIV,Female,0,No,No,4,Yes,Yes,Fiber optic,No,No,No,No,Yes,No,Month-to-month,Yes,Electronic check,85.65,321.65,Yes,0.8184672622713485
2027-FECZV,Male,0,No,No,12,Yes,Yes,Fiber optic,No,Yes,Yes,No,Yes,Yes,Month-to-month,Yes,Electronic check,106.7,1253.9,Yes,0.7746013006879243
4094-NSEDU,Female,1,No,No,21,Yes,Yes,Fiber optic,No,No,No,No,Yes,Yes,Month-to-month,Yes,Electronic check,94.25,1973.75,Yes,0.805900093026848
8739-XNIKG,Female,0,No,No,5,Yes,Yes,Fiber optic,No,No,No,No,Yes,No,Month-to-month,Yes,Electronic check,84.0,424.75,No,0.7879702988086982
1846-XWOQN,Female,1,No,No,1,Yes,No,Fiber optic,No,No,No,No,No,No,Month-to-month,Yes,Electronic check,70.15,70.15,Yes,0.8320739591369537
3722-WPXTK,Male,0,No,No,1,Yes,No,Fiber optic,No,No,No,No,Yes,Yes,Month-to-month,Yes,Electronic check,88.35,88.35,Yes,0.8070240303719821
7548-SEPYI,Female,0,No,No,5,Yes,No,Fiber optic,No,Yes,No,No,Yes,Yes,Month-to-month,Yes,Electronic check,96.25,512.45,Yes,0.788722904628632
8835-VSDSE,Female,0,Yes,No,2,Yes,No,Fiber optic,No,No,No,No,No,No,Month-to-month,Yes,Electronic check,70.7,141.45,Yes,0.7397378344992477
2205-YMZZJ,Male,1,No,No,7,Yes,Yes,Fiber optic,No,No,No,No,Yes,No,Month-to-month,Yes,Electronic check,84.8,546.95,Yes,0.8294926976368435
1254-IZEYF,Female,1,No,No,31,Yes,Yes,Fiber optic,No,Yes,No,No,Yes,Yes,Month-to-month,Yes,Electronic check,99.95,3186.65,Yes,0.736624773841374
9221-OTIVJ,Female,1,No,No,14,Yes,Yes,Fiber optic,No,Yes,Yes,No,Yes,Yes,Month-to-month,Yes,Electronic check,104.85,1531.4,Yes,0.7877925155159377
2609-IAICY,Female,0,No,No,1,Yes,Yes,Fiber optic,No,No,No,No,No,No,Month-to-month,Yes,Electronic check,77.15,77.15,Yes,0.8372667435465257
2636-OHFMN,Male,0,Yes,No,4,No,No phone service,DSL,No,Yes,No,No,Yes,Yes,Month-to-month,Yes,Electronic check,48.55,201,Yes,0.7367990858714749
9921-ZVRHG,Female,0,No,No,14,Yes,Yes,Fiber optic,No,No,Yes,No,No,No,Month-to-month,Yes,Electronic check,80.45,1072,Yes,0.7287502613960076
8622-ZLFKO,Female,0,Yes,No,6,Yes,Yes,Fiber optic,No,Yes,No,No,No,Yes,Month-to-month,Yes,Electronic check,90.75,512.25,No,0.7609613273840317
3707-GNWHM,Male,0,No,No,1,Yes,Yes,Fiber optic,No,No,No,No,No,No,Month-to-month,Yes,Mailed check,74.25,74.25,Yes,0.7080279964781186
8922-LIEGH,Female,1,No,No,25,Yes,Yes,Fiber optic,No,Yes,No,No,No,Yes,Month-to-month,Yes,Electronic check,89.7,2187.55,Yes,0.723485735347787
8245-UMPYT,Female,1,No,No,16,Yes,Yes,Fiber optic,No,No,No,No,Yes,Yes,Month-to-month,Yes,Electronic check,96.4,1581.2,Yes,0.7965503636950502
4927-WWOOZ,Male,0,Yes,No,2,Yes,Yes,Fiber optic,No,No,Yes,No,Yes,No,Month-to-month,Yes,Electronic check,91.45,171.45,No,0.8046408416389348
8931-GJJIQ,Female,0,No,No,9,Yes,Yes,Fiber optic,No,No,No,No,No,Yes,Month-to-month,Yes,Electronic check,83.3,803.3,Yes,0.8028637704150693
4910-GMJOT,Female,0,No,No,1,Yes,Yes,Fiber optic,No,No,No,No,Yes,Yes,Month-to-month,Yes,Electronic check,94.6,94.6,Yes,0.8657106791395041
7576-OYWBN,Male,1,No,No,3,Yes,Yes,Fiber optic,No,No,No,No,No,No,Month-to-month,Yes,Electronic check,76.05,231.8,Yes,0.8083564475925935
5539-TMZLF,Male,1,No,No,1,Yes,No,Fiber optic,No,No,No,No,No,No,Month-to-month,Yes,Electronic check,69.75,69.75,Yes,0.8266791989604544
5976-JCJRH,Male,0,Yes,No,10,Yes,No,Fiber optic,No,No,No,No,No,No,Month-to-month,Yes,Electronic check,70.3,738.2,Yes,0.7016450794021508
0137-OCGAB,Female,0,No,No,1,Yes,Yes,Fiber optic,No,Yes,No,No,No,No,Month-to-month,Yes,Mailed check,80.2,80.2,Yes,0.7286328110618469
6861-XWTWQ,Male,1,Yes,No,7,Yes,Yes,Fiber optic,No,No,Yes,No,Yes,Yes,Month-to-month,Yes,Electronic check,99.25,665.45,Yes,0.8482985788725701
6877-TJMBR,Male,0,Yes,No,1,Yes,No,Fiber optic,No,No,No,Yes,Yes,No,Month-to-month,Yes,Electronic check,84.8,84.8,Yes,0.7402272430391746
2725-KXXWT,Male,0,Yes,No,1,Yes,No,Fiber optic,No,No,No,No,Yes,Yes,Month-to-month,Yes,Electronic check,90.75,90.75,Yes,0.829988777497536
8348-HFYIV,Male,0,No,No,2,No,No phone service,DSL,No,No,Yes,No,Yes,Yes,Month-to-month,Yes,Electronic check,49.25,90.35,Yes,0.7627920789018237
7341-LXCAF,Male,0,Yes,No,4,Yes,Yes,Fiber optic,No,No,No,No,No,No,Month-to-month,Yes,Electronic check,74.65,301.4,Yes,0.7881047998105988
1569-TTNYJ,Male,0,Yes,No,5,Yes,Yes,Fiber optic,No,Yes,No,No,No,No,Month-to-month,Yes,Electronic check,78.75,412.1,Yes,0.7657103242284412
7938-OUHIO,Male,0,No,No,3,Yes,No,Fiber optic,No,No,Yes,Yes,Yes,Yes,Month-to-month,Yes,Electronic check,98.7,293.65,Yes,0.7744227565647857
8510-AWCXC,Female,1,No,No,13,Yes,Yes,Fiber optic,Yes,No,No,No,Yes,Yes,Month-to-month,Yes,Electronic check,100.8,1308.1,Yes,0.7838652809911844
8225-BTJAU,Male,1,No,No,10,Yes,No,Fiber optic,No,No,No,No,No,Yes,Month-to-month,Yes,Electronic check,79.25,793.55,Yes,0.7724722069704559
3387-VATUS,Male,0,No,No,5,Yes,Yes,Fiber optic,No,No,No,No,Yes,Yes,Month-to-month,Yes,Bank transfer (automatic),94.85,462.8,Yes,0.8048368306481809
1143-NMNQJ,Female,0,No,No,2,Yes,Yes,Fiber optic,No,No,No,No,No,Yes,Month-to-month,Yes,Electronic check,85.7,169.8,Yes,0.8028796710299623
1724-BQUHA,Male,1,No,No,5,Yes,No,Fiber optic,No,No,No,No,Yes,Yes,Month-to-month,Yes,Electronic check,89.5,477.7,Yes,0.8320628236924187
4826-XTSOH,Male,1,Yes,No,1,Yes,Yes,Fiber optic,No,No,No,No,Yes,No,Month-to-month,Yes,Electronic check,86.05,86.05,Yes,0.8195033057391138
2495-INZWQ,Male,0,No,No,4,No,No phone service,DSL,No,No,No,No,Yes,Yes,Month-to-month,Yes,Electronic check,44.55,174.3,Yes,0.7043986867125587
6857-VWJDT,Female,0,No,No,1,Yes,Yes,Fiber optic,No,No,No,No,Yes,Yes,Month-to-month,No,Mailed check,95.65,95.65,Yes,0.7399548879022587
6100-QQHEB,Male,0,Yes,Yes,17,Yes,Yes,Fiber optic,No,No,No,No,Yes,Yes,Month-to-month,Yes,Electronic check,92.55,1515.1,Yes,0.7796455976218554
2691-NZETQ,Male,0,No,No,9,Yes,Yes,Fiber optic,No,No,No,No,Yes,No,Month-to-month,Yes,Electronic check,85.35,758.6,Yes,0.8009466360079134
0709-TVGUR,Female,1,No,No,9,Yes,Yes,Fiber optic,No,No,No,No,No,No,Month-to-month,Yes,Electronic check,74.55,622.9,Yes,0.7797535446497798
6023-YEBUP,Male,0,No,No,3,Yes,Yes,Fiber optic,No,No,Yes,No,Yes,Yes,Month-to-month,Yes,Electronic check,100.95,329.95,Yes,0.8413177133095459
7209-JCUDS,Male,0,No,No,10,Yes,No,Fiber optic,No,No,Yes,No,Yes,Yes,Month-to-month,Yes,Electronic check,94.9,1048.85,Yes,0.7523297177028792
3001-CBHLQ,Male,1,Yes,No,32,Yes,Yes,Fiber optic,No,No,Yes,Yes,Yes,Yes,Month-to-month,Yes,Electronic check,104.9,3351.55,Yes,0.7010206117582153
4102-OQUPX,Male,1,Yes,No,1,Yes,Yes,Fiber optic,No,No,No,No,No,No,Month-to-month,Yes,Electronic check,74.4,74.4,Yes,0.8416120011483363
3999-QGRJH,Male,1,No,No,8,Yes,No,Fiber optic,No,No,No,No,No,No,Month-to-month,Yes,Electronic check,69.7,560.85,Yes,0.7358642377118275
2454-RPBRZ,Female,1,Yes,No,12,Yes,Yes,Fiber optic,No,Yes,Yes,No,Yes,No,Month-to-month,Yes,Electronic check,98.1,1060.2,Yes,0.8028877573655322
2265-CYWIV,Female,1,Yes,No,4,Yes,Yes,Fiber optic,Yes,No,No,No,Yes,Yes,Month-to-month,Yes,Electronic check,99.6,347.65,Yes,0.8274737007439237
2004-OCQXK,Female,0,No,No,1,Yes,No,Fiber optic,No,No,No,No,No,Yes,Month-to-month,Yes,Electronic check,81.95,81.95,Yes,0.7849491243763431
5027-QPKTE,Male,0,Yes,No,7,Yes,No,Fiber optic,No,No,No,No,No,No,Month-to-month,Yes,Electronic check,69.35,451.1,Yes,0.720281459731546
2672-HUYVI,Female,0,No,No,6,Yes,No,Fiber optic,No,No,No,No,Yes,Yes,Month-to-month,Yes,Electronic check,91.1,455.3,Yes,0.8026820373021327
0148-DCDOS,Male,0,No,No,25,Yes,Yes,Fiber optic,No,No,No,No,Yes,Yes,Month-to-month,Yes,Bank transfer (automatic),94.7,2362.1,Yes,0.7044802106563378
9992-RRAMN,Male,0,Yes,No,22,Yes,Yes,Fiber optic,No,No,No,No,No,Yes,Month-to-month,Yes,Electronic check,85.1,1873.7,Yes,0.7417754037056342
0495-RVCBF,Female,0,No,No,1,Yes,No,Fiber optic,No,No,No,No,No,Yes,Month-to-month,Yes,Electronic check,79.7,79.7,Yes,0.7890000661891017
0679-IDSTG,Female,1,Yes,Yes,1,Yes,No,Fiber optic,No,No,No,No,No,No,Month-to-month,Yes,Electronic check,69.25,69.25,Yes,0.7061641457352342
7780-OTDSO,Male,0,Yes,No,18,Yes,Yes,Fiber optic,Yes,No,No,No,Yes,Yes,Month-to-month,Yes,Electronic check,99.4,1742.95,Yes,0.7460135381491814
0564-JJHGS,Male,0,No,No,9,Yes,Yes,Fiber optic,No,No,No,No,Yes,Yes,Month-to-month,Yes,Electronic check,95.5,829.1,Yes,0.8384472339991267
5542-TBBWB,Male,0,No,No,1,Yes,No,Fiber optic,No,No,No,No,No,No,Month-to-month,Yes,Electronic check,69.9,69.9,No,0.7943104547021291
2845-AFFTX,Male,1,Yes,No,41,Yes,Yes,Fiber optic,No,No,Yes,No,Yes,Yes,Month-to-month,Yes,Electronic check,99.8,4259.3,Yes,0.7104606535580255
4626-GYCZP,Male,0,No,No,7,Yes,Yes,Fiber optic,No,No,No,No,Yes,Yes,Month-to-month,Yes,Electronic check,93.85,635.6,Yes,0.8484627272386414
5590-BYNII,Male,0,No,No,22,Yes,Yes,Fiber optic,Yes,No,No,No,Yes,Yes,Month-to-month,Yes,Electronic check,100.75,2095,Yes,0.7194789411490645
2815-CPTUL,Male,1,No,No,5,Yes,No,Fiber optic,No,No,No,No,No,No,Month-to-month,Yes,Mailed check,70.25,331.9,Yes,0.7001654098723186
7613-LLQFO,Male,0,No,No,12,Yes,Yes,Fiber optic,No,No,No,No,Yes,No,Month-to-month,Yes,Electronic check,84.45,1059.55,Yes,0.7888596959750194
9685-WKZGT,Male,1,No,No,14,Yes,Yes,Fiber optic,No,No,No,No,No,No,Month-to-month,Yes,Electronic check,74.95,1036.75,Yes,0.7115781014463459
6127-ISGTU,Female,0,Yes,No,16,Yes,Yes,Fiber optic,No,No,No,No,Yes,No,Month-to-month,Yes,Electronic check,84.95,1378.25,Yes,0.7669740415879807
1761-AEZZR,Male,0,No,No,1,Yes,No,Fiber optic,No,No,No,No,Yes,No,Month-to-month,Yes,Electronic check,79.55,79.55,Yes,0.8440304123066976
7120-RFMVS,Male,0,No,No,1,Yes,Yes,Fiber optic,No,No,No,No,Yes,No,Month-to-month,No,Electronic check,84.5,84.5,Yes,0.8295089683589558
8118-LSUEL,Male,1,No,No,23,Yes,Yes,Fiber optic,No,Yes,Yes,No,Yes,Yes,Month-to-month,Yes,Electronic check,106.4,2483.5,Yes,0.7773444289778957
5277-ZLOOR,Female,1,No,No,2,Yes,Yes,Fiber optic,No,No,No,No,Yes,No,Month-to-month,Yes,Electronic check,85.55,187.45,Yes,0.8445680535504381
5052-PNLOS,Male,0,No,No,3,Yes,Yes,Fiber optic,No,Yes,Yes,No,Yes,Yes,Month-to-month,Yes,Bank transfer (automatic),105.35,323.25,Yes,0.7581817678379325
6979-ZNSFF,Female,0,No,No,8,Yes,Yes,Fiber optic,No,No,No,No,Yes,No,Month-to-month,Yes,Electronic check,87.05,762.1,Yes,0.7643054768867275
4822-NGOCH,Female,0,No,No,13,Yes,Yes,Fiber optic,No,Yes,Yes,No,No,No,Month-to-month,Yes,Electronic check,84.45,1058.6,Yes,0.7144638508623352
5150-ITWWB,Male,1,No,No,3,Yes,Yes,Fiber optic,No,No,No,No,Yes,Yes,Month-to-month,Yes,Electronic check,94.85,335.75,No,0.748020921435832
7890-VYYWG,Male,1,Yes,No,3,No,No phone service,DSL,No,No,No,No,Yes,No,Month-to-month,Yes,Mailed check,36.45,93.7,Yes,0.7409649900925389
8149-RSOUN,Female,0,No,No,1,Yes,Yes,Fiber optic,No,No,No,No,Yes,Yes,Month-to-month,Yes,Electronic check,93.85,93.85,Yes,0.8666952620462935
5519-NPHVG,Female,0,No,No,12,Yes,Yes,Fiber optic,No,No,No,No,Yes,Yes,Month-to-month,Yes,Electronic check,94.2,1046.1,Yes,0.8251046801668673
7779-LGOVN,Male,1,Yes,No,10,Yes,Yes,Fiber optic,No,No,No,No,No,Yes,Month-to-month,Yes,Electronic check,86.65,856.65,Yes,0.8180953610327144
3902-FOIGH,Male,1,Yes,No,12,Yes,Yes,Fiber optic,No,Yes,No,No,Yes,Yes,Month-to-month,Yes,Electronic check,101.35,1218.55,Yes,0.8290524082530539
6772-KSATR,Male,0,No,No,1,Yes,Yes,Fiber optic,Yes,No,No,No,No,No,Month-to-month,Yes,Electronic check,81.7,81.7,Yes,0.7358624793583909
4210-QFJMF,Female,0,No,No,4,Yes,No,Fiber optic,No,No,No,No,No,Yes,Month-to-month,Yes,Electronic check,79.15,317.25,Yes,0.7758189970189093
3318-OSATS,Male,1,No,No,35,Yes,Yes,Fiber optic,No,No,No,No,Yes,Yes,Month-to-month,Yes,Electronic check,95.45,3474.05,Yes,0.7401285771536812
2636-ALXXZ,Female,1,No,No,1,Yes,No,Fiber optic,No,No,No,No,No,No,Month-to-month,Yes,Electronic check,69.6,69.6,Yes,0.8225831118307257
9885-CSMWE,Female,1,No,No,1,Yes,No,Fiber optic,No,No,No,No,Yes,No,Month-to-month,No,Electronic check,78.45,78.45,Yes,0.7560787817885425
8058-JMEQO,Female,1,No,No,9,Yes,Yes,Fiber optic,No,No,No,No,No,Yes,Month-to-month,Yes,Electronic check,84.45,762.5,Yes,0.8203493139430831
0697-ZMSWS,Male,0,No,No,4,Yes,Yes,Fiber optic,No,No,No,No,No,Yes,Month-to-month,Yes,Electronic check,85.65,338.9,Yes,0.8240019851821572
6015-VVHHE,Female,1,No,No,5,Yes,Yes,Fiber optic,No,No,No,No,Yes,No,Month-to-month,Yes,Credit card (automatic),83.15,446.05,Yes,0.7801422856827633
6347-DCUIK,Male,0,No,No,10,Yes,Yes,Fiber optic,No,No,No,No,No,No,Month-to-month,Yes,Mailed check,74.15,811.8,Yes,0.7081806829272435
2545-EBUPK,Female,1,No,No,2,Yes,Yes,Fiber optic,No,No,No,No,No,Yes,Month-to-month,Yes,Electronic check,84.05,186.05,No,0.8280449684240287
0897-FEGMU,Female,0,Yes,No,11,Yes,Yes,Fiber optic,No,No,Yes,No,Yes,Yes,Month-to-month,Yes,Electronic check,99.5,1056.95,Yes,0.8297411393317545
9124-LHCJQ,Female,0,No,No,1,Yes,Yes,Fiber optic,No,No,No,No,No,Yes,Month-to-month,Yes,Mailed check,85.45,85.45,Yes,0.8192893284761547
0689-NKYLF,Male,0,No,No,13,Yes,No,Fiber optic,No,No,Yes,No,Yes,No,Month-to-month,Yes,Electronic check,83.2,1060.6,Yes,0.732761478340996
5519-YLDGW,Female,0,Yes,No,21,Yes,Yes,Fiber optic,Yes,No,Yes,No,Yes,Yes,Month-to-month,Yes,Electronic check,103.9,2254.2,Yes,0.7641871873484093
2516-VQRRV,Female,1,No,No,2,Yes,Yes,Fiber optic,No,No,No,No,No,No,Month-to-month,Yes,Mailed check,75.45,158.4,Yes,0.766839803427757
5178-LMXOP,Male,1,Yes,No,1,Yes,Yes,Fiber optic,No,No,No,No,Yes,Yes,Month-to-month,Yes,Electronic check,95.1,95.1,Yes,0.8713504575198227
8185-UPYBR,Male,0,Yes,No,6,Yes,Yes,Fiber optic,No,No,No,No,No,No,Month-to-month,Yes,Electronic check,75.5,438,Yes,0.7771008009569129
7526-BEZQB,Male,0,No,No,12,Yes,Yes,Fiber optic,No,No,No,No,Yes,Yes,Month-to-month,Yes,Electronic check,96.05,1148.1,Yes,0.8256377552072254
4951-UKAAQ,Female,0,No,No,4,Yes,Yes,Fiber optic,No,Yes,No,No,No,Yes,Month-to-month,Yes,Electronic check,88.95,355.2,Yes,0.8061111786122243
4112-LUEIZ,Male,0,No,No,10,Yes,No,Fiber optic,No,No,No,No,Yes,Yes,Month-to-month,Yes,Electronic check,89.5,863.1,Yes,0.7912000125366374
4510-HIMLV,Male,0,No,No,1,Yes,No,Fiber optic,No,No,No,No,No,No,Month-to-month,Yes,Electronic check,69.8,69.8,Yes,0.7878240186664291
2430-USGXP,Male,0,Yes,No,24,Yes,Yes,Fiber optic,No,No,Yes,No,Yes,Yes,Month-to-month,Yes,Electronic check,101.05,2391.8,Yes,0.7730730032294857
5955-ERIHD,Male,0,Yes,No,18,Yes,Yes,Fiber optic,No,No,No,No,Yes,Yes,Month-to-month,Yes,Electronic check,94.7,1687.95,Yes,0.8043054684425827
7274-RTAPZ,Male,0,No,No,1,Yes,No,Fiber optic,No,No,No,No,Yes,Yes,Month-to-month,Yes,Electronic check,90.55,90.55,Yes,0.8528944637151975
3834-XUIFC,Male,0,No,No,7,Yes,Yes,Fiber optic,No,No,No,No,No,Yes,Month-to-month,Yes,Mailed check,85.2,602.55,Yes,0.7691861125039884
8414-MYSHR,Male,1,No,No,5,Yes,No,Fiber optic,No,No,No,No,Yes,Yes,Month-to-month,Yes,Electronic check,91.4,449.75,Yes,0.8851054068283288
6221-AVQYL,Male,0,No,No,2,Yes,Yes,Fiber optic,No,No,No,No,No,No,Month-to-month,Yes,Credit card (automatic),73.25,131.05,Yes,0.7918518360358464
4988-IQIGL,Male,1,No,No,1,Yes,Yes,Fiber optic,No,No,No,No,No,No,Month-to-month,Yes,Electronic check,75.35,75.35,Yes,0.7978081157794897
3199-XGZCY,Female,0,No,No,8,Yes,Yes,Fiber optic,No,No,No,No,No,No,Month-to-month,Yes,Electronic check,75.25,576.7,No,0.7151377221156686
3746-EUBYR,Male,0,Yes,No,1,Yes,Yes,Fiber optic,No,No,No,No,No,No,Month-to-month,Yes,Bank transfer (automatic),74.6,74.6,Yes,0.7211966892394213
2254-DLXRI,Female,0,No,No,1,Yes,Yes,Fiber optic,No,Yes,No,No,No,No,Month-to-month,Yes,Mailed check,79.15,79.15,No,0.7205414152084854
7594-RQHXR,Female,0,No,Yes,1,Yes,No,Fiber optic,No,No,No,No,No,Yes,Month-to-month,Yes,Electronic check,79.6,79.6,Yes,0.7889155518321584
6331-EWIEB,Male,0,No,No,20,Yes,Yes,Fiber optic,No,No,No,No,Yes,No,Month-to-month,Yes,Electronic check,85.25,1734.5,Yes,0.7407916448680371
1624-NALOJ,Male,1,No,No,5,Yes,Yes,Fiber optic,No,Yes,No,No,No,Yes,Month-to-month,Yes,Electronic check,89.8,502.6,Yes,0.8232441727456724
6210-KBBPI,Male,1,No,No,9,Yes,Yes,Fiber optic,No,Yes,No,No,Yes,Yes,Month-to-month,Yes,Credit card (automatic),99.45,919.4,Yes,0.786592268735508
2612-RANWT,Female,0,No,No,12,Yes,Yes,Fiber optic,No,No,Yes,No,Yes,Yes,Month-to-month,Yes,Bank transfer (automatic),100.15,1164.3,Yes,0.7666089594460008
3346-BRMIS,Female,1,Yes,No,18,No,No phone service,DSL,No,No,Yes,No,Yes,Yes,Month-to-month,Yes,Electronic check,48.35,810.7,Yes,0.7014806152138768
1771-OADNZ,Male,1,Yes,No,29,Yes,Yes,Fiber optic,No,Yes,Yes,No,No,Yes,Month-to-month,Yes,Electronic check,95.9,2745.2,Yes,0.7049772760555962
3716-BDVDB,Male,0,No,No,1,Yes,No,Fiber optic,No,No,No,No,No,No,Month-to-month,Yes,Electronic check,69.1,69.1,Yes,0.8005491472799801
9488-HGMJH,Female,1,No,No,1,Yes,No,Fiber optic,No,No,No,No,No,No,Month-to-month,Yes,Electronic check,71.15,71.15,Yes,0.7645521656937935
6688-UZPWD,Female,0,Yes,No,11,Yes,Yes,Fiber optic,No,Yes,No,No,Yes,Yes,Month-to-month,Yes,Electronic check,102.0,1145.35,Yes,0.8097907922412659
9057-SIHCH,Female,0,No,No,3,Yes,Yes,Fiber optic,No,No,No,No,Yes,Yes,Month-to-month,Yes,Electronic check,96.6,291.9,Yes,0.8374222946045621
2645-QTLMB,Male,0,No,No,7,Yes,No,Fiber optic,No,Yes,No,No,Yes,Yes,Month-to-month,Yes,Electronic check,94.25,669,Yes,0.7869434252532486
4806-HIPDW,Female,0,Yes,No,1,Yes,No,Fiber optic,No,No,No,No,No,No,Month-to-month,Yes,Electronic check,68.95,68.95,Yes,0.748434338360072
4424-TKOPW,Male,1,No,No,2,Yes,Yes,Fiber optic,No,No,No,No,Yes,Yes,Month-to-month,Yes,Electronic check,93.85,196.75,Yes,0.868872630371136
8443-ZRDBZ,Male,0,No,No,4,Yes,Yes,Fiber optic,No,No,No,No,No,No,Month-to-month,Yes,Electronic check,76.05,318.9,Yes,0.7442669493225801
7479-NITWS,Male,0,No,No,7,Yes,Yes,Fiber optic,No,No,Yes,No,Yes,No,Month-to-month,Yes,Credit card (automatic),89.35,631.85,Yes,0.7487660406434993
2959-MJHIC,Male,0,Yes,No,4,Yes,No,Fiber optic,No,No,No,No,Yes,No,Month-to-month,Yes,Electronic check,80.35,307.4,Yes,0.7737605419855275
5960-WPXQM,Male,0,No,No,1,Yes,No,Fiber optic,No,No,No,No,Yes,No,Month-to-month,Yes,Electronic check,79.05,79.05,Yes,0.7809341689228625
0684-AOSIH,Male,0,Yes,No,1,Yes,No,Fiber optic,Yes,No,No,No,Yes,Yes,Month-to-month,Yes,Electronic check,95.0,95,Yes,0.7772563474827311
1866-RZZQS,Male,1,No,No,41,Yes,Yes,Fiber optic,No,No,Yes,No,Yes,Yes,Month-to-month,Yes,Electronic check,98.4,4187.75,Yes,0.710859072801072
4958-XCBDQ,Male,1,No,No,35,Yes,Yes,Fiber optic,No,No,Yes,No,Yes,Yes,Month-to-month,Yes,Electronic check,101.4,3496.3,Yes,0.7327646237589979
8337-UPOAQ,Male,1,Yes,No,10,Yes,Yes,Fiber optic,No,No,Yes,No,No,Yes,Month-to-month,Yes,Electronic check,89.8,914.3,Yes,0.8202125971314391
8644-XLFBW,Male,1,No,No,1,Yes,No,Fiber optic,No,No,No,No,No,No,Month-to-month,Yes,Electronic check,71.65,71.65,Yes,0.7677754465370479
8625-AZYZY,Male,0,Yes,No,24,Yes,Yes,Fiber optic,No,Yes,Yes,No,Yes,Yes,Month-to-month,Yes,Electronic check,104.65,2542.45,Yes,0.7558541463735114
9306-CPCBC,Female,0,No,No,3,Yes,Yes,Fiber optic,No,No,No,No,No,No,Month-to-month,Yes,Electronic check,74.25,210.3,Yes,0.7873650934196789
1833-VGRUM,Female,1,No,No,1,Yes,Yes,Fiber optic,No,No,No,No,No,No,Month-to-month,Yes,Electronic check,74.2,74.2,Yes,0.7658651436735318
2656-TABEH,Male,0,Yes,No,4,Yes,Yes,Fiber optic,No,Yes,No,No,Yes,Yes,Month-to-month,Yes,Electronic check,100.2,420.2,Yes,0.844467447568266
4039-HEUNW,Male,1,Yes,No,36,Yes,Yes,Fiber optic,No,Yes,No,No,Yes,Yes,Month-to-month,Yes,Electronic check,96.5,3436.1,Yes,0.7239815301198606
5299-SJCZT,Male,0,No,No,3,Yes,Yes,Fiber optic,No,No,Yes,No,Yes,Yes,Month-to-month,Yes,Bank transfer (automatic),101.55,298.35,Yes,0.8097891433977715
4090-KPJIP,Female,0,No,No,3,Yes,Yes,Fiber optic,No,No,No,No,No,No,Month-to-month,Yes,Electronic check,74.95,212.4,No,0.7478371359031106
3871-IKPYH,Male,1,No,No,1,Yes,No,Fiber optic,No,No,No,No,No,No,Month-to-month,No,Electronic check,69.1,69.1,Yes,0.7628956419066343
9025-AOMKI,Female,0,No,No,6,Yes,Yes,Fiber optic,No,No,No,No,Yes,Yes,Month-to-month,Yes,Bank transfer (automatic),93.55,536.4,Yes,0.798845600947466
5275-SQEIZ,Male,0,No,No,1,Yes,No,Fiber optic,No,No,No,No,No,Yes,Month-to-month,Yes,Mailed check,80.85,80.85,Yes,0.7451670709844775
1304-NECVQ,Female,1,No,No,2,Yes,Yes,Fiber optic,No,No,Yes,No,No,No,Month-to-month,Yes,Electronic check,78.55,149.55,Yes,0.8122910777965665
4587-VVTOX,Female,0,Yes,No,6,Yes,Yes,Fiber optic,No,Yes,Yes,No,Yes,Yes,Month-to-month,Yes,Electronic check,105.3,545.2,Yes,0.8077435766914504
8972-HJWNV,Female,1,Yes,No,7,Yes,Yes,Fiber optic,No,No,No,No,No,Yes,Month-to-month,Yes,Electronic check,84.55,646.85,Yes,0.8303022722370629
8868-WOZGU,Male,0,No,No,28,Yes,Yes,Fiber optic,No,Yes,Yes,No,Yes,Yes,Month-to-month,Yes,Electronic check,105.7,2979.5,Yes,0.7304888930024716
7625-XCQRH,Female,0,No,No,11,Yes,Yes,Fiber optic,No,No,No,No,No,No,Month-to-month,Yes,Electronic check,76.5,837.95,Yes,0.7435885815355253
1731-TVIUK,Female,0,No,No,4,Yes,Yes,Fiber optic,No,Yes,No,Yes,No,Yes,Month-to-month,Yes,Electronic check,93.5,362.2,Yes,0.708817672622593
5276-KQWHG,Female,1,No,No,2,Yes,No,Fiber optic,No,No,No,No,No,No,Month-to-month,Yes,Electronic check,69.6,131.65,Yes,0.7625481964711812
6615-NGGZJ,Male,0,No,No,14,Yes,Yes,Fiber optic,No,Yes,No,No,Yes,Yes,Month-to-month,Yes,Electronic check,100.55,1415.55,Yes,0.800702659830294
8161-QYMTT,Male,0,No,No,7,Yes,Yes,Fiber optic,No,No,No,No,Yes,Yes,Month-to-month,Yes,Electronic check,94.1,701.3,No,0.8275236860124668
3045-XETSH,Female,0,No,No,10,Yes,Yes,Fiber optic,No,Yes,Yes,No,No,Yes,Month-to-month,Yes,Electronic check,94.85,953.45,Yes,0.7758972816650644
7665-TOALD,Female,0,No,No,1,Yes,No,Fiber optic,No,No,No,No,No,No,Month-to-month,Yes,Electronic check,69.6,69.6,Yes,0.8001741796946245
2777-PHDEI,Female,0,No,No,1,Yes,No,Fiber optic,No,No,No,No,Yes,No,Month-to-month,No,Electronic check,78.05,78.05,Yes,0.7335165260836154
1196-AMORA,Male,0,No,No,7,Yes,Yes,Fiber optic,No,No,No,No,No,No,Month-to-month,No,Electronic check,73.6,520,Yes,0.7150785396366266
4282-YMKNA,Female,0,No,No,9,Yes,Yes,Fiber optic,No,No,No,No,No,No,Month-to-month,Yes,Electronic check,74.75,706.6,Yes,0.757289602954295
9189-JWSHV,Female,1,Yes,No,24,Yes,Yes,Fiber optic,No,No,No,No,Yes,Yes,Month-to-month,Yes,Electronic check,93.55,2264.05,Yes,0.7957790335331941
5597-GLBUC,Female,0,No,No,1,Yes,No,Fiber optic,No,No,Yes,No,Yes,No,Month-to-month,Yes,Electronic check,85.45,85.45,Yes,0.8099570295233687
4822-YCXMX,Male,0,No,No,25,Yes,Yes,Fiber optic,No,No,No,No,No,Yes,Month-to-month,Yes,Electronic check,84.8,2043.45,Yes,0.72520835551393
4229-CZMLL,Male,0,No,No,6,Yes,Yes,Fiber optic,No,No,No,No,No,No,Month-to-month,Yes,Electronic check,74.9,469.8,Yes,0.7345205718713596
3663-MITLP,Female,0,No,No,15,Yes,No,Fiber optic,No,Yes,Yes,No,Yes,Yes,Month-to-month,Yes,Electronic check,101.25,1457.25,Yes,0.7380897690152263
0495-ZBNGW,Male,1,Yes,No,5,Yes,Yes,Fiber optic,No,No,Yes,No,No,No,Month-to-month,Yes,Bank transfer (automatic),79.9,343.95,Yes,0.7428652467639917
2357-COQEK,Female,1,No,No,28,Yes,Yes,Fiber optic,No,No,Yes,Yes,Yes,Yes,Month-to-month,Yes,Electronic check,103.3,2890.65,Yes,0.7193524695075816
2034-CGRHZ,Male,1,No,No,24,Yes,Yes,Fiber optic,No,Yes,Yes,No,Yes,Yes,Month-to-month,Yes,Credit card (automatic),102.95,2496.7,Yes,0.7116783322325407
5797-APWZC,Female,0,No,No,1,Yes,No,Fiber optic,No,No,No,No,Yes,Yes,Month-to-month,No,Electronic check,90.6,90.6,Yes,0.7952407765662328
4228-ZGYUW,Male,0,No,No,4,Yes,Yes,Fiber optic,No,Yes,No,No,No,Yes,Month-to-month,Yes,Electronic check,90.05,368.1,Yes,0.8079551773494822
3519-ZKXGG,Female,0,Yes,No,3,Yes,Yes,Fiber optic,No,No,No,No,No,No,Month-to-month,Yes,Electronic check,75.85,256.6,Yes,0.7026985529898543
6416-TVAIH,Male,0,Yes,Yes,1,Yes,No,Fiber optic,No,No,No,No,No,No,Month-to-month,Yes,Electronic check,68.5,68.5,Yes,0.7155202113718496
1567-DSCIC,Male,0,No,No,8,Yes,Yes,Fiber optic,No,Yes,Yes,No,Yes,No,Month-to-month,Yes,Electronic check,94.0,773.65,Yes,0.7886220162878154
5442-UTCVD,Male,0,No,Yes,3,Yes,Yes,Fiber optic,No,No,Yes,No,No,Yes,Month-to-month,No,Electronic check,91.85,257.05,Yes,0.738661532237377
2114-MGINA,Female,0,No,No,14,Yes,No,Fiber optic,No,No,No,No,Yes,Yes,Month-to-month,Yes,Mailed check,89.8,1129.1,Yes,0.7191214899849251
4597-NUCQV,Male,1,No,No,24,Yes,Yes,Fiber optic,No,Yes,No,No,Yes,Yes,Month-to-month,Yes,Electronic check,101.25,2440.15,Yes,0.7738233238403807
9019-QVLZD,Female,0,No,No,1,Yes,No,Fiber optic,No,No,No,No,Yes,No,Month-to-month,No,Electronic check,79.55,79.55,Yes,0.7846899997073148
1455-ESIQH,Male,0,No,No,1,Yes,No,Fiber optic,No,No,No,No,Yes,Yes,Month-to-month,Yes,Electronic check,89.1,89.1,Yes,0.8306761713060762
7130-VTEWQ,Female,1,No,No,8,Yes,Yes,Fiber optic,No,No,No,No,No,No,Month-to-month,Yes,Electronic check,75.75,606.25,Yes,0.74282543052723
7903-CMPEY,Male,1,Yes,No,1,Yes,Yes,Fiber optic,Yes,No,No,No,No,No,Month-to-month,Yes,Electronic check,80.3,80.3,Yes,0.764108852716223
6996-KNSML,Female,0,No,No,1,Yes,No,Fiber optic,No,No,Yes,No,No,No,Month-to-month,Yes,Electronic check,74.9,74.9,Yes,0.831116158390602
1704-NRWYE,Female,1,No,No,9,Yes,No,Fiber optic,No,No,No,No,Yes,No,Month-to-month,Yes,Electronic check,80.85,751.65,Yes,0.7678486938423528
0023-HGHWL,Male,1,No,No,1,No,No phone service,DSL,No,No,No,No,No,No,Month-to-month,Yes,Electronic check,25.1,25.1,Yes,0.7548020719174842
1792-UXAFY,Female,1,No,No,17,Yes,No,Fiber optic,No,Yes,Yes,No,Yes,No,Month-to-month,Yes,Electronic check,89.15,1496.9,Yes,0.7070194793148818
9837-BMCLM,Male,0,No,No,3,Yes,No,Fiber optic,No,No,No,No,Yes,No,Month-to-month,Yes,Electronic check,78.5,242.05,Yes,0.7835055854105745
6161-UUUTA,Male,1,No,No,3,Yes,No,Fiber optic,No,No,No,No,Yes,No,Month-to-month,Yes,Electronic check,79.9,260.9,Yes,0.7926748244243312
1455-UGQVH,Male,0,Yes,No,10,Yes,Yes,Fiber optic,No,No,Yes,No,Yes,Yes,Month-to-month,Yes,Electronic check,98.5,1037.75,Yes,0.8385752573982177
3178-FESZO,Female,0,No,No,1,Yes,Yes,Fiber optic,No,Yes,No,No,Yes,Yes,Month-to-month,Yes,Credit card (automatic),100.25,100.25,Yes,0.7973717576732654
6087-MVHJH,Female,0,No,No,16,Yes,Yes,Fiber optic,No,No,Yes,No,No,Yes,Month-to-month,Yes,Electronic check,88.45,1422.1,Yes,0.7688625160194534
4603-JANFB,Male,0,No,No,1,Yes,No,Fiber optic,No,No,No,No,No,No,Month-to-month,Yes,Electronic check,69.85,69.85,Yes,0.7796675914921051
4806-KEXQR,Male,0,No,No,4,Yes,No,Fiber optic,No,No,No,No,No,Yes,Month-to-month,Yes,Electronic check,79.9,324.3,Yes,0.7378312356306868
7908-QCBCA,Female,0,Yes,No,1,Yes,No,Fiber optic,No,No,No,No,No,No,Month-to-month,Yes,Mailed check,69.4,69.4,Yes,0.7507374934176393
6711-FLDFB,Female,0,No,No,7,Yes,Yes,Fiber optic,No,No,No,No,No,No,Month-to-month,Yes,Electronic check,74.9,541.15,Yes,0.7669769835338947
2013-SGDXK,Female,0,No,No,1,Yes,No,Fiber optic,No,Yes,No,No,Yes,No,Month-to-month,No,Electronic check,84.3,84.3,Yes,0.7090843565159632
2012-NWRPA,Female,1,Yes,No,11,Yes,Yes,Fiber optic,No,No,Yes,No,Yes,Yes,Month-to-month,Yes,Electronic check,99.55,1131.2,Yes,0.8471226452331447
8808-ELEHO,Male,1,No,No,8,Yes,Yes,Fiber optic,No,No,Yes,No,No,No,Month-to-month,Yes,Electronic check,81.25,585.95,Yes,0.7843820498842492
2154-KVJFF,Female,0,No,No,15,Yes,Yes,Fiber optic,No,Yes,No,No,No,No,Month-to-month,Yes,Electronic check,79.75,1111.85,Yes,0.7038837641450261
9647-ERGBE,Female,0,Yes,Yes,30,Yes,Yes,Fiber optic,No,No,Yes,No,Yes,Yes,Month-to-month,Yes,Electronic check,100.05,3046.15,Yes,0.7013179233580156
3428-XZMAZ,Male,0,No,No,1,Yes,No,Fiber optic,No,No,No,No,No,No,Month-to-month,Yes,Electronic check,69.35,69.35,Yes,0.7829337216790108
0318-QUUOB,Male,0,Yes,No,1,Yes,No,Fiber optic,No,No,No,No,Yes,No,Month-to-month,Yes,Electronic check,80.55,80.55,Yes,0.7694867994810118
8063-GBATB,Female,1,No,No,27,Yes,Yes,Fiber optic,No,No,No,No,No,Yes,Month-to-month,Yes,Electronic check,85.25,2287.25,Yes,0.7331569239040413
1069-XAIEM,Female,1,No,No,1,Yes,Yes,Fiber optic,No,No,No,No,No,Yes,Month-to-month,Yes,Electronic check,85.05,85.05,Yes,0.8308620005094475
3440-JPSCL,Female,0,No,No,6,Yes,No,Fiber optic,No,No,Yes,Yes,Yes,Yes,Month-to-month,Yes,Mailed check,99.95,547.65,Yes,0.7029549120610209
0325-XBFAC,Male,0,No,No,8,Yes,No,Fiber optic,No,No,Yes,No,Yes,Yes,Month-to-month,Yes,Electronic check,94.7,740.3,Yes,0.9009607497449043
2462-XIIJB,Male,0,No,No,5,Yes,Yes,Fiber optic,No,No,Yes,No,Yes,No,Month-to-month,Yes,Electronic check,92.5,452.7,Yes,0.8138811123844693
7817-BOQPW,Female,0,No,No,2,Yes,Yes,Fiber optic,No,No,No,No,No,No,Month-to-month,Yes,Electronic check,75.55,166.3,Yes,0.7525178370938241
1853-UDXBW,Male,0,Yes,Yes,1,Yes,No,Fiber optic,No,No,No,No,No,No,Month-to-month,Yes,Electronic check,70.0,70,Yes,0.7171170797185126
5219-YIPTK,Female,0,Yes,No,33,Yes,Yes,Fiber optic,No,Yes,Yes,No,Yes,Yes,Month-to-month,Yes,Electronic check,104.4,3409.6,Yes,0.7037525775140372
0722-TROQR,Female,1,No,No,4,Yes,Yes,Fiber optic,No,No,No,No,No,No,Month-to-month,Yes,Electronic check,74.9,321.75,Yes,0.8021791218249421
3393-FMZPV,Female,0,No,No,25,Yes,Yes,Fiber optic,No,Yes,No,No,Yes,Yes,Month-to-month,Yes,Electronic check,100.25,2387.75,Yes,0.7438787622625405
8443-WVPSS,Male,0,Yes,No,10,Yes,No,Fiber optic,No,Yes,No,Yes,Yes,Yes,Month-to-month,Yes,Electronic check,99.85,990.9,Yes,0.7188272573565487
3006-XIMLN,Female,0,No,Yes,2,Yes,Yes,Fiber optic,No,No,No,No,Yes,Yes,Month-to-month,Yes,Bank transfer (automatic),94.2,193.8,Yes,0.7437756415415185
9965-YOKZB,Male,1,No,No,9,Yes,Yes,Fiber optic,No,No,No,No,No,Yes,Month-to-month,Yes,Electronic check,83.85,790.15,Yes,0.8248183582802389
2369-UAPKZ,Male,0,No,No,5,Yes,Yes,Fiber optic,No,Yes,Yes,No,Yes,Yes,Month-to-month,No,Mailed check,104.1,541.9,Yes,0.7463552419038629
0637-KVDLV,Male,0,No,No,2,Yes,Yes,Fiber optic,No,No,No,No,No,No,Month-to-month,Yes,Electronic check,76.5,162.45,Yes,0.7130690939054268
8740-CRYFY,Male,0,No,No,1,Yes,No,Fiber optic,No,No,No,No,Yes,No,Month-to-month,Yes,Electronic check,78.95,78.95,Yes,0.7920113159644576
1678-FYZOW,Female,0,No,No,3,Yes,No,Fiber optic,No,No,No,No,Yes,No,Month-to-month,Yes,Electronic check,79.4,244.65,Yes,0.7778355138373588
9300-AGZNL,Male,1,No,No,1,Yes,Yes,Fiber optic,No,No,No,No,Yes,Yes,Month-to-month,Yes,Electronic check,94.0,94,Yes,0.8836368639341945
3389-YGYAI,Female,1,No,No,8,Yes,Yes,Fiber optic,No,Yes,Yes,No,Yes,Yes,Month-to-month,Yes,Electronic check,105.5,829.55,Yes,0.8401023067513229
5134-IKDAY,Female,0,Yes,Yes,1,Yes,No,Fiber optic,No,No,No,No,No,No,Month-to-month,Yes,Electronic check,69.8,69.8,Yes,0.7436799953321074
5380-AFSSK,Female,0,No,No,5,Yes,Yes,Fiber optic,No,No,No,No,Yes,Yes,Month-to-month,Yes,Mailed check,93.9,486.85,Yes,0.815922763511616
2055-PDADH,Female,1,No,No,3,Yes,No,Fiber optic,No,No,No,No,No,No,Month-to-month,Yes,Electronic check,70.4,204.7,Yes,0.7559790803261518
2568-OIADY,Female,0,Yes,No,37,Yes,Yes,Fiber optic,No,No,Yes,No,Yes,Yes,Month-to-month,Yes,Electronic check,99.5,3762,Yes,0.7036004722622407
5923-GXUOC,Male,0,No,No,10,Yes,No,Fiber optic,Yes,Yes,Yes,No,Yes,Yes,Month-to-month,Yes,Electronic check,104.4,1081.45,Yes,0.7072539067480444
3765-JXVKY,Female,0,No,No,1,Yes,No,Fiber optic,No,Yes,No,No,No,No,Month-to-month,Yes,Electronic check,74.7,74.7,Yes,0.7053938624790412
7330-WZLNC,Female,0,No,No,5,Yes,Yes,Fiber optic,No,Yes,No,No,Yes,No,Month-to-month,Yes,Electronic check,90.8,455.5,Yes,0.7962912561775233
3957-LXOLK,Female,1,No,No,28,Yes,Yes,Fiber optic,No,Yes,Yes,No,Yes,Yes,Month-to-month,Yes,Electronic check,106.15,3152.5,Yes,0.7487586000708689
5378-IKEEG,Female,0,No,No,1,No,No phone service,DSL,No,No,No,No,Yes,No,Month-to-month,Yes,Electronic check,35.75,35.75,Yes,0.714229755020002
2612-RRIDN,Male,0,No,No,4,Yes,No,Fiber optic,No,No,No,No,Yes,No,Month-to-month,Yes,Electronic check,81.0,340.85,Yes,0.7526530840166937
4735-ASGMA,Male,0,No,No,26,Yes,Yes,Fiber optic,No,No,Yes,No,Yes,Yes,Month-to-month,Yes,Electronic check,98.35,2515.3,Yes,0.7214937333715679
6892-EZDTG,Female,0,Yes,No,4,Yes,Yes,Fiber optic,No,Yes,No,No,Yes,No,Month-to-month,Yes,Electronic check,91.65,365.4,Yes,0.8014238552120175
9725-SCPZG,Male,0,No,Yes,1,Yes,No,Fiber optic,No,No,No,No,Yes,Yes,Month-to-month,Yes,Electronic check,90.85,90.85,Yes,0.7970698609393614
3217-FZDMN,Female,1,No,No,8,Yes,No,Fiber optic,No,No,Yes,No,Yes,Yes,Month-to-month,Yes,Credit card (automatic),94.45,742.95,Yes,0.7546083776353602
9239-ZBZZV,Female,0,No,No,6,No,No phone service,DSL,No,No,Yes,No,Yes,Yes,Month-to-month,Yes,Electronic check,47.95,305.1,Yes,0.7405773849686134
3320-VEOYC,Male,1,No,No,14,Yes,Yes,Fiber optic,No,No,No,No,Yes,Yes,Month-to-month,Yes,Electronic check,95.6,1273.3,No,0.8127193818332377
6653-CBBOM,Female,0,No,No,1,Yes,No,Fiber optic,No,No,No,No,No,No,Month-to-month,Yes,Electronic check,70.3,70.3,Yes,0.7985967048473097
3247-ZVOUO,Male,1,Yes,No,10,Yes,Yes,Fiber optic,No,No,No,No,No,Yes,Month-to-month,No,Electronic check,85.55,851.75,Yes,0.7685288346282062
1268-ASBGA,Female,1,Yes,No,16,Yes,Yes,Fiber optic,No,No,No,No,No,Yes,Month-to-month,Yes,Credit card (automatic),85.35,1375.15,Yes,0.724654852118511
8943-URTMR,Female,0,No,No,2,Yes,No,Fiber optic,No,No,No,No,Yes,No,Month-to-month,Yes,Mailed check,79.65,152.7,Yes,0.7353768581591413
4713-LZDRV,Female,1,No,No,2,Yes,No,Fiber optic,No,No,No,No,No,Yes,Month-to-month,Yes,Electronic check,79.6,195.05,Yes,0.7725173048445868
4325-NFSKC,Male,1,No,No,19,Yes,Yes,Fiber optic,Yes,No,No,No,Yes,No,Month-to-month,Yes,Electronic check,90.6,1660,Yes,0.7113518579184446
7354-OIJLX,Male,0,No,No,9,Yes,Yes,Fiber optic,No,No,No,No,No,No,Month-to-month,Yes,Electronic check,75.85,724.65,No,0.7125809339296214
1602-IJQQE,Female,0,No,No,4,Yes,Yes,Fiber optic,No,No,No,No,No,No,Month-to-month,No,Electronic check,75.35,338.1,Yes,0.723181879944272
8258-GSTJK,Male,1,No,No,3,Yes,Yes,Fiber optic,No,No,No,No,No,No,Month-to-month,Yes,Electronic check,77.0,237.75,Yes,0.7747582193260905
9940-RHLFB,Female,0,No,No,1,Yes,No,Fiber optic,No,No,Yes,No,No,No,Month-to-month,No,Electronic check,75.3,75.3,Yes,0.70526270723211
8541-QVFKM,Female,0,No,No,8,Yes,Yes,Fiber optic,No,No,No,No,No,No,Month-to-month,Yes,Electronic check,73.5,632.2,No,0.7196275340601068
2982-VPSGI,Female,0,Yes,No,11,Yes,Yes,Fiber optic,No,No,No,No,Yes,Yes,Month-to-month,Yes,Electronic check,94.0,1078.9,Yes,0.8313670988109276
6892-XPFPU,Male,1,Yes,No,24,Yes,Yes,Fiber optic,No,Yes,Yes,No,Yes,Yes,Month-to-month,Yes,Electronic check,104.25,2433.9,Yes,0.7382070857620181
8010-EZLOU,Male,1,No,No,15,Yes,Yes,Fiber optic,No,Yes,No,No,No,No,Month-to-month,Yes,Electronic check,80.2,1217.25,Yes,0.7321743822288372
9874-QLCLH,Female,0,Yes,Yes,17,Yes,Yes,Fiber optic,Yes,No,Yes,No,Yes,Yes,Month-to-month,Yes,Electronic check,104.2,1743.5,Yes,0.7073873119233981
8062-YBDOE,Male,1,No,No,1,Yes,No,Fiber optic,No,No,No,No,No,No,Month-to-month,Yes,Electronic check,69.65,69.65,Yes,0.8437601040266072
6000-APYLU,Male,0,No,No,9,Yes,No,Fiber optic,No,No,No,No,No,Yes,Month-to-month,Yes,Electronic check,80.8,713.1,Yes,0.7027636880537814
0947-IDHRQ,Female,0,No,No,7,Yes,No,Fiber optic,No,No,No,No,Yes,No,Month-to-month,Yes,Mailed check,80.3,526.7,Yes,0.706825145031748
3776-EKTKM,Female,1,No,No,1,No,No phone service,DSL,No,No,No,No,Yes,No,Month-to-month,Yes,Electronic check,36.45,36.45,Yes,0.7370544530917404
8382-SHQEH,Female,0,Yes,No,8,Yes,Yes,Fiber optic,No,No,No,No,No,Yes,Month-to-month,Yes,Electronic check,84.9,764.95,Yes,0.8066121904977998
1075-BGWOH,Male,1,Yes,No,16,Yes,Yes,Fiber optic,No,No,Yes,No,Yes,Yes,Month-to-month,Yes,Electronic check,98.75,1587.55,Yes,0.8322971590717365
0302-JOIVN,Female,0,Yes,No,8,Yes,No,Fiber optic,No,Yes,Yes,No,Yes,Yes,Month-to-month,No,Electronic check,101.15,842.9,Yes,0.7178092196822974
5366-IJEQJ,Male,0,No,No,20,Yes,Yes,Fiber optic,No,No,Yes,No,Yes,No,Month-to-month,Yes,Electronic check,88.7,1761.45,Yes,0.7501126914818305
1981-INRFU,Female,0,No,No,2,Yes,No,Fiber optic,No,No,No,No,Yes,No,Month-to-month,Yes,Electronic check,79.75,164.5,Yes,0.7819552514249197
4971-PUYQO,Female,0,No,No,27,Yes,Yes,Fiber optic,No,No,No,No,Yes,Yes,Month-to-month,Yes,Mailed check,94.55,2724.6,Yes,0.7058895584904219
3338-CVVEH,Male,0,No,No,12,Yes,Yes,Fiber optic,No,No,No,No,Yes,Yes,Month-to-month,No,Electronic check,94.55,1173.55,No,0.7372968231605829
6029-WTIPC,Male,1,No,No,37,Yes,Yes,Fiber optic,No,No,Yes,No,Yes,Yes,Month-to-month,Yes,Electronic check,101.1,3744.05,Yes,0.7270515283574231
8780-IXSTS,Female,0,No,No,6,Yes,Yes,Fiber optic,No,Yes,No,No,Yes,No,Month-to-month,Yes,Electronic check,90.1,521.3,Yes,0.7929632394638633
0345-HKJVM,Female,0,No,No,6,Yes,No,Fiber optic,No,No,No,No,Yes,Yes,Month-to-month,No,Electronic check,89.3,577.6,Yes,0.752049533410118
3049-SOLAY,Female,0,Yes,No,3,Yes,Yes,Fiber optic,No,No,No,No,Yes,Yes,Month-to-month,Yes,Electronic check,95.2,292.85,Yes,0.859633712441317
3317-HRTNN,Female,1,No,No,5,No,No phone service,DSL,No,No,No,No,Yes,Yes,Month-to-month,No,Electronic check,45.7,198,Yes,0.7046362261519231
8058-INTPH,Female,0,No,No,1,Yes,No,Fiber optic,No,No,No,No,Yes,No,Month-to-month,Yes,Electronic check,79.65,79.65,Yes,0.7868391379084557
5940-NFXKV,Male,0,Yes,Yes,19,Yes,Yes,Fiber optic,No,No,No,No,No,Yes,Month-to-month,Yes,Electronic check,83.65,1465.75,Yes,0.7236483376776227
2982-IHMFT,Female,1,No,No,1,Yes,Yes,Fiber optic,No,No,No,No,No,No,Month-to-month,Yes,Mailed check,74.45,74.45,Yes,0.7965906990754869
6168-WFVVF,Female,1,No,No,3,Yes,No,Fiber optic,No,No,No,No,No,No,Month-to-month,Yes,Electronic check,70.3,235.5,Yes,0.7561737957909133
8065-YKXKD,Female,0,No,No,10,Yes,Yes,Fiber optic,No,No,No,No,No,No,Month-to-month,Yes,Electronic check,74.75,799.65,Yes,0.7522129742695268
9689-PTNPG,Male,0,No,No,2,Yes,No,Fiber optic,No,No,No,No,Yes,No,Month-to-month,Yes,Electronic check,80.25,144.55,Yes,0.7850329588219979
7450-NWRTR,Male,1,No,No,12,Yes,Yes,Fiber optic,No,No,Yes,No,Yes,Yes,Month-to-month,Yes,Electronic check,99.45,1200.15,Yes,0.8449342567525696
2379-ENZGV,Male,0,No,No,6,Yes,No,Fiber optic,No,Yes,No,No,Yes,No,Month-to-month,Yes,Electronic check,84.85,523.5,Yes,0.7462246528437695
6005-OBZPH,Female,1,No,No,26,Yes,Yes,Fiber optic,No,Yes,No,No,Yes,No,Month-to-month,Yes,Electronic check,89.15,2277.65,Yes,0.716542517374159
7932-WPTDS,Female,1,Yes,No,1,No,No phone service,DSL,No,No,No,No,No,No,Month-to-month,Yes,Electronic check,24.8,24.8,Yes,0.7665778411966074
7394-FKDNK,Female,0,Yes,No,9,Yes,No,Fiber optic,No,No,No,No,Yes,Yes,Month-to-month,No,Electronic check,89.45,853.1,Yes,0.7386099557955973
7503-ZGUZJ,Male,0,No,No,1,Yes,Yes,Fiber optic,No,No,No,No,Yes,No,Month-to-month,Yes,Mailed check,84.65,84.65,Yes,0.7962362657006392
2506-TNFCO,Female,1,Yes,No,1,Yes,No,Fiber optic,No,No,No,No,No,No,Month-to-month,Yes,Electronic check,69.55,69.55,Yes,0.8178140682072915
6437-UKHMV,Female,0,No,No,7,Yes,No,Fiber optic,No,No,No,No,Yes,No,Month-to-month,Yes,Electronic check,79.7,586.05,Yes,0.7575974958761673
4912-PIGUY,Female,0,No,No,1,Yes,Yes,Fiber optic,No,No,No,No,Yes,No,Month-to-month,Yes,Electronic check,84.6,84.6,No,0.7577925216703096
6060-DRTNL,Female,1,No,No,5,Yes,No,Fiber optic,No,No,Yes,No,Yes,No,Month-to-month,Yes,Mailed check,84.85,415.55,Yes,0.7727906666403745
8473-VUVJN,Male,1,No,No,1,Yes,Yes,Fiber optic,No,No,No,No,No,No,Month-to-month,Yes,Electronic check,73.65,73.65,Yes,0.8208497307194927
0196-VULGZ,Female,1,Yes,No,6,Yes,Yes,Fiber optic,No,No,No,No,No,Yes,Month-to-month,Yes,Electronic check,84.35,474.9,Yes,0.8345928488267341
2619-WFQWU,Female,0,No,No,1,Yes,No,Fiber optic,No,No,No,No,No,No,Month-to-month,Yes,Mailed check,70.15,70.15,Yes,0.7596769076352221
4614-NUVZD,Female,0,No,No,1,Yes,No,Fiber optic,No,No,No,No,No,Yes,Month-to-month,Yes,Electronic check,81.1,81.1,Yes,0.7864843328170708
9611-CTWIH,Female,0,No,No,3,Yes,No,Fiber optic,No,No,No,No,Yes,Yes,Month-to-month,Yes,Electronic check,89.45,240.45,Yes,0.7898606263213777
0329-GTIAJ,Female,0,No,No,3,Yes,No,Fiber optic,No,Yes,No,Yes,Yes,Yes,Month-to-month,Yes,Electronic check,97.9,315.3,Yes,0.7528621340776461
0013-EXCHZ,Female,1,Yes,No,3,Yes,No,Fiber optic,No,No,No,Yes,Yes,No,Month-to-month,Yes,Mailed check,83.9,267.4,Yes,0.700384260729869
5550-VFRLC,Female,1,No,No,1,Yes,No,Fiber optic,No,No,No,No,No,No,Month-to-month,Yes,Electronic check,69.85,69.85,Yes,0.7994162238112862
7228-OMTPN,Male,0,No,No,4,Yes,No,Fiber optic,No,No,No,No,Yes,Yes,Month-to-month,Yes,Electronic check,88.45,370.65,Yes,0.8194025374031844
1320-HTRDR,Female,0,No,No,3,Yes,Yes,Fiber optic,No,No,No,No,No,No,Month-to-month,Yes,Electronic check,75.5,220.6,Yes,0.7465223767021917
6424-ELEYH,Female,0,Yes,No,3,Yes,Yes,Fiber optic,No,No,No,No,No,No,Month-to-month,Yes,Credit card (automatic),74.75,229.5,Yes,0.7229997453512151
9334-GWGOW,Male,1,Yes,No,7,Yes,Yes,Fiber optic,No,No,No,No,No,No,Month-to-month,Yes,Electronic check,74.85,485.25,No,0.7591015866862509
5393-RXQSZ,Male,0,No,No,1,Yes,No,Fiber optic,No,No,No,No,No,Yes,Month-to-month,No,Electronic check,79.6,79.6,Yes,0.7708035959424524
5229-PRWKT,Male,0,No,No,8,Yes,Yes,Fiber optic,No,No,No,No,No,Yes,Month-to-month,Yes,Electronic check,86.55,649.65,Yes,0.8054716293604676
1891-UAWWU,Female,1,Yes,No,20,Yes,Yes,Fiber optic,No,No,Yes,No,Yes,No,Month-to-month,No,Electronic check,90.8,1951,Yes,0.7074256744226629
6108-OQZDQ,Female,0,Yes,Yes,4,Yes,Yes,Fiber optic,No,Yes,No,No,Yes,Yes,Month-to-month,Yes,Electronic check,97.95,384.5,Yes,0.8156809034858423
8042-JVNFH,Male,0,No,No,1,Yes,No,Fiber optic,No,No,No,No,No,No,Month-to-month,Yes,Mailed check,71.35,71.35,Yes,0.7419380532643945
5883-GTGVD,Male,0,No,No,19,Yes,Yes,Fiber optic,No,Yes,No,No,Yes,Yes,Month-to-month,Yes,Electronic check,99.95,1931.75,Yes,0.7786362917566018
2398-YPMUR,Female,1,Yes,No,13,Yes,No,Fiber optic,No,No,No,No,No,No,Month-to-month,Yes,Electronic check,70.15,916.75,Yes,0.7056448341894914
9985-MWVIX,Female,0,No,No,1,Yes,No,Fiber optic,No,No,No,No,No,No,Month-to-month,Yes,Mailed check,70.15,70.15,Yes,0.7596769076352221
4871-JTKJF,Female,1,No,No,1,Yes,No,Fiber optic,No,No,No,No,No,No,Month-to-month,Yes,Electronic check,69.65,69.65,Yes,0.840081031021132
1415-YFWLT,Female,1,No,No,1,Yes,No,Fiber optic,No,No,No,No,Yes,Yes,Month-to-month,Yes,Electronic check,89.3,89.3,Yes,0.7871287715107128
4548-SDBKE,Female,0,No,No,5,Yes,Yes,Fiber optic,No,No,No,No,Yes,No,Month-to-month,Yes,Electronic check,85.2,474.8,Yes,0.8149704374344892
4143-OOBWZ,Male,0,Yes,No,5,Yes,Yes,Fiber optic,No,Yes,No,No,No,No,Month-to-month,Yes,Electronic check,81.3,416.3,Yes,0.7608240883019173
9102-IAYHT,Female,0,Yes,Yes,17,Yes,Yes,Fiber optic,No,No,No,No,No,Yes,Month-to-month,Yes,Electronic check,85.45,1451.6,Yes,0.7261555412381182
2642-DTVCO,Male,1,No,No,9,Yes,Yes,Fiber optic,No,No,No,No,No,Yes,Month-to-month,Yes,Electronic check,85.05,746.5,Yes,0.8229023888026076
1363-TXLSL,Male,1,Yes,No,1,Yes,No,Fiber optic,No,No,No,No,No,No,Month-to-month,Yes,Electronic check,70.3,70.3,Yes,0.8273850792867643
9507-EXLTT,Female,0,Yes,No,1,Yes,No,Fiber optic,No,No,No,No,Yes,No,Month-to-month,Yes,Bank transfer (automatic),79.35,79.35,Yes,0.7228177066867834
9846-GKXAS,Female,0,No,No,9,Yes,No,Fiber optic,No,No,No,No,Yes,Yes,Month-to-month,Yes,Bank transfer (automatic),90.8,809.75,Yes,0.7276690381574569
2077-MPJQO,Male,1,Yes,No,7,Yes,Yes,Fiber optic,No,No,No,No,No,No,Month-to-month,Yes,Electronic check,75.4,533.05,No,0.7578265402243916
4581-SSPWD,Female,0,No,No,3,Yes,Yes,Fiber optic,No,No,No,No,No,No,Month-to-month,Yes,Electronic check,75.8,246.3,Yes,0.7845646713200247
7969-AULMZ,Female,0,No,No,21,Yes,Yes,Fiber optic,No,No,No,No,Yes,Yes,Month-to-month,Yes,Electronic check,97.35,2119.5,Yes,0.7797908289042618
4550-EVXNY,Female,0,No,Yes,1,Yes,No,Fiber optic,No,No,No,No,No,No,Month-to-month,Yes,Electronic check,69.65,69.65,Yes,0.7820725412417799
2968-SSGAA,Female,0,No,No,10,Yes,Yes,Fiber optic,No,No,Yes,No,Yes,Yes,Month-to-month,Yes,Electronic check,100.6,1060.2,Yes,0.8537573056513317
4844-JJWUY,Female,1,No,No,1,Yes,No,Fiber optic,No,Yes,No,No,No,Yes,Month-to-month,Yes,Electronic check,86.0,86,Yes,0.7889324134768797
1628-BIZYP,Male,0,No,No,1,Yes,No,Fiber optic,No,Yes,No,No,No,Yes,Month-to-month,Yes,Electronic check,85.0,85,No,0.7625263002386679
1965-AKTSX,Female,1,No,No,14,Yes,Yes,Fiber optic,No,Yes,No,No,No,No,Month-to-month,Yes,Electronic check,78.95,1101.85,Yes,0.7355481697917847
0011-IGKFF,Male,1,Yes,No,13,Yes,No,Fiber optic,No,Yes,Yes,No,Yes,Yes,Month-to-month,Yes,Electronic check,98.0,1237.85,Yes,0.783374266668338
4192-GORJT,Male,0,Yes,No,5,Yes,No,Fiber optic,No,No,Yes,No,Yes,Yes,Month-to-month,Yes,Electronic check,94.45,498.1,Yes,0.8146163489178714
6496-SLWHQ,Male,1,No,No,3,Yes,Yes,Fiber optic,No,Yes,Yes,No,Yes,Yes,Month-to-month,Yes,Electronic check,105.0,294.45,Yes,0.7754244842636978
9912-GVSEQ,Female,1,Yes,No,26,Yes,Yes,Fiber optic,No,Yes,Yes,No,No,Yes,Month-to-month,Yes,Electronic check,93.85,2381.55,Yes,0.7212133919722872
5383-MMTWC,Female,1,Yes,No,8,Yes,Yes,Fiber optic,No,No,No,No,No,Yes,Month-to-month,Yes,Electronic check,84.0,613.4,Yes,0.8271202923678964
7240-ETPTR,Female,0,Yes,No,9,No,No phone service,DSL,No,No,Yes,No,Yes,Yes,Month-to-month,Yes,Electronic check,48.75,442.2,Yes,0.7254663005031623
2202-CUYXZ,Male,0,No,No,1,Yes,No,Fiber optic,No,No,Yes,No,Yes,No,Month-to-month,Yes,Electronic check,84.85,84.85,Yes,0.7522458779806638
9185-TQCVP,Male,0,Yes,No,14,Yes,Yes,Fiber optic,No,No,No,No,No,Yes,Month-to-month,Yes,Electronic check,85.15,1139.2,Yes,0.7707226420665992
5567-WSELE,Male,1,Yes,No,3,Yes,Yes,Fiber optic,No,No,No,No,Yes,Yes,Month-to-month,Yes,Electronic check,94.6,279.55,Yes,0.8781872504948686
3727-RJMEO,Male,0,Yes,No,6,Yes,Yes,Fiber optic,No,No,No,No,Yes,No,Month-to-month,Yes,Electronic check,82.85,460.25,Yes,0.8073449207413536
5685-IIXLY,Female,0,Yes,Yes,5,Yes,No,Fiber optic,No,Yes,No,No,No,Yes,Month-to-month,Yes,Electronic check,83.6,404.2,Yes,0.7162921330799951
5095-AESKG,Female,0,Yes,No,3,Yes,Yes,Fiber optic,No,Yes,No,No,No,Yes,Month-to-month,Yes,Credit card (automatic),91.5,242.95,Yes,0.7460757312028297
6595-YGXIT,Male,1,No,No,25,Yes,Yes,Fiber optic,No,Yes,No,No,Yes,No,Month-to-month,Yes,Electronic check,88.95,2291.2,Yes,0.7269887238554088
9253-QXKBE,Male,1,Yes,No,29,Yes,Yes,Fiber optic,No,No,No,No,Yes,Yes,Month-to-month,Yes,Electronic check,94.45,2653.65,Yes,0.7746630389511463
7568-PODML,Male,0,No,No,1,No,No phone service,DSL,No,No,No,No,Yes,Yes,Month-to-month,Yes,Mailed check,45.3,45.3,Yes,0.8154984145823967
5349-IECLD,Male,0,No,No,2,Yes,No,Fiber optic,No,No,Yes,No,Yes,Yes,Month-to-month,No,Electronic check,94.95,178.1,Yes,0.773858748453598
8775-LHDJH,Female,1,Yes,No,1,Yes,Yes,Fiber optic,No,Yes,No,No,Yes,No,Month-to-month,Yes,Electronic check,90.6,90.6,Yes,0.8585882748991651
3097-NQYSN,Male,1,Yes,No,2,Yes,Yes,Fiber optic,No,No,No,No,Yes,No,Month-to-month,Yes,Mailed check,86.85,156.35,Yes,0.8100819771196301
3565-UNOCC,Female,1,Yes,No,29,Yes,Yes,Fiber optic,No,No,Yes,No,Yes,Yes,Month-to-month,Yes,Bank transfer (automatic),99.05,2952.85,Yes,0.705374899536152
0871-URUWO,Male,0,Yes,No,13,Yes,Yes,Fiber optic,No,No,Yes,No,Yes,Yes,Month-to-month,Yes,Credit card (automatic),102.25,1359,Yes,0.7146192367449509
2868-MZAGQ,Male,0,No,No,1,Yes,No,Fiber optic,No,No,No,No,No,Yes,Month-to-month,Yes,Electronic check,79.25,79.25,Yes,0.7936978594350127
6379-RXJRQ,Male,0,Yes,No,10,Yes,No,Fiber optic,No,No,No,No,No,No,Month-to-month,Yes,Electronic check,70.1,659.65,Yes,0.7020758481055087
6328-ZPBGN,Female,1,No,No,11,Yes,Yes,Fiber optic,No,No,No,No,Yes,Yes,Month-to-month,Yes,Bank transfer (automatic),95.15,997.65,Yes,0.7579714675777665
8111-RKSPX,Male,0,No,No,4,Yes,Yes,Fiber optic,No,No,No,No,No,No,Month-to-month,Yes,Bank transfer (automatic),72.2,305.55,Yes,0.7651917572586767
2446-BEGGB,Female,1,No,No,6,Yes,Yes,Fiber optic,No,Yes,No,No,Yes,Yes,Month-to-month,Yes,Electronic check,98.25,560.6,Yes,0.8516720091187046
9681-OXGVC,Female,0,No,No,5,Yes,Yes,Fiber optic,No,No,Yes,No,Yes,Yes,Month-to-month,Yes,Electronic check,100.5,514,Yes,0.8495730912262883
6521-YYTYI,Male,0,No,Yes,1,Yes,Yes,Fiber optic,No,No,No,No,Yes,Yes,Month-to-month,Yes,Electronic check,93.3,93.3,Yes,0.8447993833619413
1977-STDKI,Female,1,No,No,1,Yes,No,Fiber optic,No,Yes,No,No,No,No,Month-to-month,Yes,Electronic check,73.0,73,Yes,0.7504261242585835
4342-HENTK,Female,1,No,No,2,Yes,No,Fiber optic,No,No,No,No,No,No,Month-to-month,Yes,Electronic check,70.65,142.35,Yes,0.7140406942874387
2985-FMWYF,Female,0,No,No,23,Yes,Yes,Fiber optic,No,No,No,No,Yes,Yes,Month-to-month,Yes,Electronic check,93.5,2341.55,No,0.7363385448320569
3223-WZWJM,Male,0,No,No,26,Yes,Yes,Fiber optic,No,No,No,No,No,Yes,Month-to-month,Yes,Electronic check,83.95,2254.2,Yes,0.7596328758176502
9250-WYPLL,Female,0,No,No,5,Yes,Yes,Fiber optic,No,No,No,No,No,No,Month-to-month,No,Electronic check,75.55,413.65,Yes,0.7173142871395746
0754-UKWQP,Male,0,No,No,2,Yes,No,Fiber optic,No,No,Yes,No,Yes,Yes,Month-to-month,Yes,Electronic check,95.85,197.7,Yes,0.8229762912711481
7493-TPUWZ,Male,0,No,No,1,Yes,Yes,Fiber optic,No,Yes,No,No,No,No,Month-to-month,Yes,Electronic check,79.15,79.15,Yes,0.7820610876759961
8752-STIVR,Female,0,No,No,4,Yes,No,Fiber optic,No,No,No,No,Yes,No,Month-to-month,Yes,Electronic check,79.0,303.15,Yes,0.7316497124999439
9330-IJWIO,Female,0,No,No,13,Yes,Yes,Fiber optic,Yes,No,No,No,Yes,Yes,Month-to-month,Yes,Electronic check,100.35,1358.85,Yes,0.7628921846695409
8884-ADFVN,Male,1,Yes,No,7,Yes,Yes,Fiber optic,No,No,Yes,No,Yes,Yes,Month-to-month,Yes,Electronic check,101.95,700.85,Yes,0.8438491319017826
2720-WGKHP,Male,1,No,No,2,Yes,Yes,Fiber optic,No,No,No,No,Yes,Yes,Month-to-month,Yes,Electronic check,94.0,181.7,Yes,0.8805702690677869
0702-PGIBZ,Male,0,No,Yes,4,Yes,Yes,Fiber optic,No,Yes,No,No,Yes,Yes,Month-to-month,Yes,Electronic check,101.7,364.55,Yes,0.8110879711866141
3551-HUAZH,Male,1,No,No,1,Yes,Yes,Fiber optic,No,No,No,No,No,No,Month-to-month,Yes,Electronic check,74.4,74.4,Yes,0.839541359848364
8413-VONUO,Male,0,No,No,2,Yes,No,Fiber optic,No,Yes,No,No,Yes,Yes,Month-to-month,No,Electronic check,95.65,167.3,Yes,0.7819805095248267
9223-UCPVT,Female,0,No,No,1,Yes,No,Fiber optic,No,No,Yes,No,Yes,Yes,Month-to-month,No,Electronic check,94.4,94.4,Yes,0.7212036467442304
5419-JPRRN,Male,0,No,No,1,Yes,Yes,Fiber optic,No,No,Yes,No,Yes,Yes,Month-to-month,Yes,Electronic check,101.45,101.45,Yes,0.8654277724327657
0488-GSLFR,Female,0,No,No,1,Yes,No,Fiber optic,No,No,No,No,No,No,Month-to-month,Yes,Electronic check,69.5,69.5,Yes,0.7449338017061301
9728-FTTVZ,Female,0,No,No,1,Yes,No,Fiber optic,No,No,No,No,No,No,Month-to-month,Yes,Electronic check,69.2,69.2,Yes,0.7796825906877647
7254-IQWOZ,Male,0,No,No,1,Yes,No,Fiber optic,No,No,No,No,No,No,Month-to-month,Yes,Electronic check,69.65,69.65,Yes,0.8234518849557652
0742-NXBGR,Female,0,No,No,1,Yes,No,Fiber optic,No,Yes,Yes,No,No,No,Month-to-month,Yes,Electronic check,82.3,82.3,Yes,0.7166476376338433
6110-OHIHY,Male,0,No,No,3,Yes,No,Fiber optic,No,No,No,No,Yes,No,Month-to-month,No,Electronic check,79.25,267.6,Yes,0.7248535680433293
5889-LFOLL,Female,0,No,No,13,Yes,Yes,Fiber optic,No,No,No,No,No,Yes,Month-to-month,Yes,Electronic check,84.6,1115.2,Yes,0.7822035917989955
0220-EBGCE,Male,0,No,No,2,Yes,No,Fiber optic,No,No,Yes,No,No,Yes,Month-to-month,Yes,Electronic check,85.85,167.3,Yes,0.8157249320957984
2754-VDLTR,Male,0,No,Yes,10,Yes,Yes,Fiber optic,No,No,No,No,Yes,Yes,Month-to-month,No,Electronic check,95.2,930.4,Yes,0.7511051972565209
7235-NXZCP,Male,1,No,No,2,Yes,Yes,Fiber optic,No,No,No,No,No,No,Month-to-month,Yes,Mailed check,74.85,156.4,Yes,0.7295277739066649
1309-BXVOQ,Male,0,Yes,No,21,Yes,Yes,Fiber optic,No,No,Yes,Yes,Yes,Yes,Month-to-month,Yes,Electronic check,106.1,2249.95,Yes,0.7340863746585611
9317-WZPGV,Female,1,No,No,2,Yes,No,Fiber optic,No,No,No,No,No,Yes,Month-to-month,Yes,Bank transfer (automatic),79.75,159.4,Yes,0.7453737493436404
3621-CEOVK,Female,1,Yes,No,14,Yes,Yes,Fiber optic,No,Yes,No,No,Yes,Yes,Month-to-month,Yes,Electronic check,100.2,1369.8,Yes,0.8191651889784209
6969-MVBAI,Female,1,No,No,9,Yes,Yes,Fiber optic,No,No,Yes,No,Yes,No,Month-to-month,Yes,Electronic check,90.1,816.8,No,0.7871993043345566
1031-IIDEO,Female,0,No,No,1,Yes,No,Fiber optic,No,No,No,No,No,No,Month-to-month,Yes,Electronic check,70.85,70.85,Yes,0.788630872518279
6457-USBER,Male,0,No,No,1,Yes,No,Fiber optic,No,No,No,No,No,Yes,Month-to-month,Yes,Electronic check,80.8,80.8,Yes,0.7909484002477958
9248-OJYKK,Male,1,No,No,1,Yes,Yes,Fiber optic,No,No,No,No,No,No,Month-to-month,Yes,Electronic check,76.45,76.45,Yes,0.7870902181838018
3398-FSHON,Female,1,No,No,12,Yes,Yes,Fiber optic,No,Yes,No,No,Yes,No,Month-to-month,Yes,Electronic check,91.3,1094.5,Yes,0.783845305597821
3319-DWOEP,Male,1,Yes,No,6,Yes,No,Fiber optic,No,No,Yes,No,Yes,Yes,Month-to-month,Yes,Electronic check,95.75,573.75,Yes,0.8271121713606197
4415-IJZTP,Female,0,No,No,1,Yes,Yes,Fiber optic,No,No,No,No,No,No,Month-to-month,Yes,Electronic check,74.5,74.5,Yes,0.7609586301201714
1465-VINDH,Female,0,Yes,Yes,10,Yes,Yes,Fiber optic,No,Yes,Yes,No,Yes,Yes,Month-to-month,Yes,Credit card (automatic),102.1,1068.85,Yes,0.7240139659937425
1925-TIBLE,Female,0,Yes,No,7,Yes,Yes,Fiber optic,No,No,No,No,Yes,No,Month-to-month,Yes,Electronic check,86.5,582.5,Yes,0.8061647432416463
1447-GIQMR,Male,0,Yes,No,1,Yes,No,Fiber optic,No,No,No,No,No,No,Month-to-month,Yes,Electronic check,69.15,69.15,Yes,0.7523745193744469
0872-NXJYS,Female,0,No,No,9,Yes,No,Fiber optic,No,No,No,No,No,Yes,Month-to-month,Yes,Electronic check,79.55,723.4,Yes,0.7501796220955779
1389-CXMLU,Male,1,No,No,3,Yes,Yes,Fiber optic,No,No,Yes,No,Yes,No,Month-to-month,No,Electronic check,91.05,289.1,Yes,0.7952398476724858
5561-NWEVX,Female,1,Yes,No,2,Yes,Yes,Fiber optic,No,No,Yes,No,No,No,Month-to-month,No,Electronic check,79.2,172.85,Yes,0.7607325923356039
2737-WFVYW,Female,0,No,No,2,No,No phone service,DSL,No,No,No,No,Yes,Yes,Month-to-month,Yes,Electronic check,45.25,85.5,Yes,0.7332936617213891
2272-QAGFO,Female,1,No,No,14,Yes,Yes,Fiber optic,No,No,No,No,No,No,Month-to-month,Yes,Electronic check,74.3,1096.25,Yes,0.7556419951539877
9850-OWRHQ,Female,0,Yes,No,3,Yes,Yes,Fiber optic,No,No,No,No,No,No,Month-to-month,Yes,Credit card (automatic),74.1,228,Yes,0.7243517146126969
2180-DXNEG,Female,0,No,No,12,Yes,No,Fiber optic,No,No,Yes,No,Yes,Yes,Month-to-month,Yes,Electronic check,96.0,1062.1,Yes,0.7740173719051957
6230-BSUXY,Female,1,No,No,1,Yes,No,Fiber optic,No,No,Yes,No,No,Yes,Month-to-month,Yes,Electronic check,85.0,85,Yes,0.8036869914778012
7660-HDPJV,Female,0,No,No,1,Yes,No,Fiber optic,No,No,No,No,No,No,Month-to-month,Yes,Electronic check,69.2,69.2,Yes,0.7796825906877647
3990-QYKBE,Male,1,Yes,No,37,Yes,Yes,Fiber optic,No,No,No,No,Yes,Yes,Month-to-month,Yes,Electronic check,92.5,3473.4,Yes,0.73802450746078
9274-CNFMO,Male,1,Yes,No,4,Yes,Yes,Fiber optic,No,No,No,No,No,No,Month-to-month,No,Electronic check,74.95,308.7,Yes,0.7545172091056086
8992-JQYUN,Male,0,Yes,No,1,No,No phone service,DSL,No,No,Yes,No,Yes,Yes,Month-to-month,Yes,Electronic check,50.35,50.35,Yes,0.7679681354050281
2446-PLQVO,Male,0,No,No,1,Yes,No,Fiber optic,No,No,No,No,No,No,Month-to-month,Yes,Electronic check,70.3,70.3,Yes,0.8030063637480936
9451-LPGOO,Male,0,No,No,7,Yes,Yes,Fiber optic,No,No,No,No,No,Yes,Month-to-month,Yes,Electronic check,86.8,620.35,Yes,0.809423273271072
5868-YWPDW,Male,1,Yes,No,6,Yes,No,Fiber optic,No,Yes,No,No,No,Yes,Month-to-month,Yes,Electronic check,84.2,519.15,Yes,0.7747596383087506
4078-SAYYN,Female,0,No,No,11,Yes,Yes,Fiber optic,No,No,Yes,No,Yes,Yes,Month-to-month,Yes,Electronic check,100.75,1129.75,Yes,0.8258720155311942
6618-RYATB,Female,0,No,No,1,Yes,Yes,Fiber optic,No,No,Yes,No,No,No,Month-to-month,Yes,Mailed check,79.55,79.55,Yes,0.8044803352527936
1273-MTETI,Female,1,No,No,4,Yes,Yes,Fiber optic,No,No,Yes,No,No,Yes,Month-to-month,Yes,Electronic check,88.85,372.45,Yes,0.8260993721457633
0295-PPHDO,Male,0,No,No,1,Yes,Yes,Fiber optic,No,No,No,No,Yes,Yes,Month-to-month,Yes,Electronic check,95.45,95.45,Yes,0.8515117402789786
1195-OIYEJ,Male,0,No,No,13,Yes,No,Fiber optic,No,No,No,No,Yes,Yes,Month-to-month,Yes,Electronic check,91.1,1135.7,Yes,0.7741107488778642
2990-HWIML,Female,0,No,No,6,Yes,No,Fiber optic,No,No,No,No,Yes,Yes,Month-to-month,Yes,Electronic check,89.5,573.3,Yes,0.8054182840317853
7384-GHBPI,Male,0,Yes,No,3,No,No phone service,DSL,No,No,No,No,No,Yes,Month-to-month,Yes,Electronic check,35.15,99.75,Yes,0.7361697451769851
7234-FECYN,Female,1,No,No,8,Yes,Yes,Fiber optic,No,No,Yes,No,Yes,Yes,Month-to-month,No,Electronic check,101.35,780.5,Yes,0.8089274229798374
1400-MMYXY,Male,1,Yes,No,3,Yes,Yes,Fiber optic,No,Yes,Yes,No,Yes,Yes,Month-to-month,Yes,Electronic check,105.9,334.65,Yes,0.8455003725465987
6457-GIRWB,Male,0,No,No,1,Yes,No,Fiber optic,No,No,No,No,No,No,Month-to-month,Yes,Electronic check,69.35,69.35,Yes,0.7829337216790108
5570-PTWEH,Female,0,Yes,No,3,Yes,Yes,Fiber optic,No,No,No,No,No,No,Month-to-month,Yes,Credit card (automatic),75.15,216.75,Yes,0.7221663960902903
6502-MJQAE,Male,0,No,No,1,Yes,No,Fiber optic,No,No,No,No,No,No,Month-to-month,Yes,Electronic check,69.6,69.6,Yes,0.8045577529313844
7693-LCKZL,Male,0,Yes,Yes,5,Yes,Yes,Fiber optic,No,Yes,No,No,No,No,Month-to-month,Yes,Electronic check,80.15,385,Yes,0.7256824081031675
1564-NTYXF,Female,1,No,No,13,Yes,Yes,Fiber optic,No,No,No,No,No,Yes,Month-to-month,Yes,Electronic check,82.0,1127.2,Yes,0.8072950101096963
8083-YTZES,Male,0,No,No,4,Yes,Yes,Fiber optic,No,No,No,No,No,No,Month-to-month,Yes,Electronic check,74.35,265.35,Yes,0.7483399925490015
0723-DRCLG,Female,1,Yes,No,1,Yes,Yes,Fiber optic,No,No,No,No,No,No,Month-to-month,Yes,Electronic check,74.45,74.45,Yes,0.8433670921991422
6894-LFHLY,Male,1,No,No,1,Yes,Yes,Fiber optic,No,No,No,No,No,No,Month-to-month,Yes,Electronic check,75.75,75.75,Yes,0.8174385575771145
8361-LTMKD,Male,1,Yes,No,4,Yes,Yes,Fiber optic,No,No,No,No,No,No,Month-to-month,Yes,Mailed check,74.4,306.6,Yes,0.7207604245926629
